Unnamed: 0,trans_date_trans_time,cc_num,merchant,category,amt,first,last,gender,street,city,state,zip,lat,long,city_pop,job,dob,trans_num,unix_time,merch_lat,merch_long,is_fraud
213459,2020-09-04 21:53:05,3598304579370089,fraud_Stamm-Rodriguez,misc_pos,8.96,Vincent,Flowers,M,0189 Emily Prairie,Wichita,KS,67232,37.6395,-97.1714,409656,Heritage manager,1985-12-27,401bf7c82284f81a21d0f0c5654d7220,1378331585,37.982106,-97.223183,0
304627,2020-10-13 23:59:11,2242542703101233,fraud_Jaskolski-Vandervort,misc_net,314.33,Samuel,Jenkins,M,43235 Mckenzie Views Apt. 837,Westport,KY,40077,38.4921,-85.4524,564,Pensions consultant,1996-04-10,ced0c22880533ecd4ab960645c6ba4e0,1381708751,39.007087,-86.006625,0
431833,2020-12-04 21:29:17,4707867759656333,fraud_Johns Inc,entertainment,10.75,Susan,Shah,F,9016 Jordan Bypass Apt. 516,Cranks,KY,40820,36.7558,-83.1838,581,"Psychologist, counselling",1967-02-04,a562d2a51c2396252b7a64df7f082b9f,1386192557,36.170518,-83.569875,0
233373,2020-09-13 15:47:43,5559857416065248,fraud_Reilly and Sons,health_fitness,119.55,Jack,Hill,M,5916 Susan Bridge Apt. 939,Grenada,CA,96038,41.6125,-122.5258,589,Systems analyst,1945-12-21,da3601c6cbc108510633a81536289d9a,1379087263,42.440539,-122.637866,0
480763,2020-12-15 04:39:41,180040027502291,fraud_Miller-Hauck,grocery_pos,308.23,Mary,Schmidt,F,022 Moore Island,New York City,NY,10162,40.7699,-73.9511,1577385,Audiological scientist,1957-12-29,4f00c663533435c8c732d02681792a6d,1387082381,41.763902,-74.740054,1
100690,2020-07-26 17:08:41,3583293909206278,fraud_Nolan-Williamson,kids_pets,212.47,Deborah,Fisher,F,1911 Fisher Brook,Kirtland Afb,NM,87117,35.0203,-106.5503,310,"Surveyor, land/geomatics",1978-09-30,2d9965683060d694055711a76fad3beb,1374858521,35.414656,-106.038265,0
419509,2020-12-01 14:58:08,180049032966888,fraud_Kassulke Inc,entertainment,61.9,Michael,Flores,M,70761 Fitzpatrick Brooks Suite 631,Saxon,WI,54559,46.4959,-90.4383,795,Television/film/video producer,1986-04-15,1e6a8513a8d0a64ee80fcc103156ed8b,1385909888,46.761207,-91.144999,0
328030,2020-10-25 05:37:13,6011917798331152,fraud_Ankunding LLC,shopping_net,1.04,William,Johnson,M,50843 Vincent Mission,South Londonderry,VT,5155,43.1699,-72.8515,828,Scientific laboratory technician,1957-08-30,474a05496080227c941cf21d731717c8,1382679433,42.405612,-73.55435200000001,0
459519,2020-12-10 17:40:29,3543591270174051,fraud_Lesch Ltd,shopping_pos,7.99,Margaret,Lam,F,6911 Nicholas Keys Apt. 237,Armagh,PA,15920,40.4603,-79.0097,922,Early years teacher,1972-10-04,c150ec56bf32127faf2a610295166749,1386697229,40.35603,-78.52795400000001,0
488869,2020-12-16 23:49:29,639046421587,fraud_Terry-Huel,shopping_net,1158.64,Dylan,Bonilla,M,2497 John Motorway Suite 922,Leetsdale,PA,15056,40.5662,-80.2099,1140,"Administrator, education",1986-06-20,f73e97a4f59f9c0ffc90ffc9deede858,1387237769,40.843626,-80.706604,1
400935,2020-11-25 14:36:38,3595111028444131,fraud_Gulgowski LLC,home,56.33,Jeffery,Sanders,M,5278 Sarah Station Apt. 009,Cardwell,MO,63829,36.0434,-90.2907,1120,Television floor manager,1957-04-17,0fde18f1c3a75ea19826917864cc93e4,1385390198,36.608095,-90.698138,0
455040,2020-12-09 08:47:08,213180742685905,"fraud_Kovacek, Dibbert and Ondricka",grocery_pos,299.2,Kayla,Sutton,F,010 Weaver Land,Carlotta,CA,95528,40.507,-123.9743,1139,"Therapist, occupational",1951-01-15,4d902b60fa8c2e689c07e7881b588568,1386578828,39.927532,-124.069815,1
36872,2020-07-04 08:16:28,5456712664803820,"fraud_Kihn, Abernathy and Douglas",shopping_net,9.14,Pamela,Matthews,F,36659 Smith Club Apt. 080,Llano,NM,87543,36.1486,-105.6648,247,Architectural technologist,1961-10-24,d8bec478af371b2c345b15a6f3cb779d,1372925788,36.973844,-105.835234,0
295178,2020-10-10 18:50:47,4247921790666,fraud_Gerhold LLC,home,146.25,Judith,Moss,F,46297 Benjamin Plains Suite 703,Washington Court House,OH,43160,39.537,-83.455,22305,Television floor manager,1939-03-09,190ed03a7a2a5de6e48f3f53eac17ec8,1381431047,38.771325,-83.680091,0
175593,2020-08-22 02:46:26,213161293389774,fraud_Luettgen PLC,gas_transport,84.85,Catherine,Weber,F,74890 Rodriguez Springs Apt. 540,West Henrietta,NY,14586,43.0397,-77.6871,10256,"Teacher, primary school",1968-06-24,ef8e423d584ba564d4a4a4bce07c7d1e,1377139586,42.784596,-78.672961,0
72028,2020-07-16 02:03:17,4198470814557,fraud_Bernhard Inc,gas_transport,44.53,Christie,Williamson,F,519 Jerry Views,Avoca,IA,51521,41.4768,-95.3509,2036,Engineering geologist,1971-08-20,10caab051b981a78e0ec4ea32fd0cd08,1373940197,42.142522,-96.149964,0
149290,2020-08-11 22:55:30,2284059275940012,fraud_Auer-West,shopping_net,1042.58,Thomas,Mathis,M,26615 Nelson Lane,Moores Hill,IN,47032,39.0945,-85.0638,3289,Sub,1969-11-22,03943ff78a83d9d976608ab4fe95de16,1376261730,39.461273,-85.966818,1
327874,2020-10-25 03:58:03,180040027502291,fraud_Welch Inc,misc_net,307.9,Mary,Schmidt,F,022 Moore Island,New York City,NY,10162,40.7699,-73.9511,1577385,Audiological scientist,1957-12-29,56c0c4ece051c5fd7b07507287dbdf3f,1382673483,40.327813,-73.031677,0
339611,2020-10-29 21:55:45,3576281490078437,fraud_Pfeffer and Sons,shopping_pos,127.99,Chris,Dixon,M,919 Miller Isle,Williams,IN,47470,38.7735,-86.6285,1735,Financial adviser,1990-06-13,80482596ae97372ad1355434cdb96f11,1383083745,38.95163,-86.23131500000001,0
447696,2020-12-07 23:02:21,30518196150127,fraud_Nienow PLC,entertainment,419.94,Karen,Sullivan,F,6313 Scott Trace,Rossville,IL,60963,40.3625,-87.6692,1807,"Buyer, retail",1975-06-02,ae8a47e0c03262ce4b076bb0cbf9810d,1386457341,39.924457,-88.538191,1
346110,2020-11-01 22:55:23,4904681492230012,fraud_Padberg-Sauer,home,111.37,Lisa,Lowe,F,574 David Locks Suite 207,Cottekill,NY,12419,41.8467,-74.1038,722,Comptroller,1990-10-19,79d617e7eeb8cb63032cf9bb48836538,1383346523,42.844374,-74.34638199999999,0
217750,2020-09-06 20:02:54,4904681492230012,"fraud_Koss, Hansen and Lueilwitz",home,279.9,Lisa,Lowe,F,574 David Locks Suite 207,Cottekill,NY,12419,41.8467,-74.1038,722,Comptroller,1990-10-19,d080700bc549361862602ec092171037,1378497774,41.120673,-74.98668599999999,1
65904,2020-07-13 22:48:07,3540075240003197,"fraud_Quitzon, Green and Bashirian",shopping_pos,984.39,Christian,Johns,M,892 Solis Neck,Lonsdale,MN,55046,44.4477,-93.4252,5211,Chief Strategy Officer,1987-01-27,454ff3ce096a4441691eba51245794fe,1373755687,43.602685,-92.969851,1
313135,2020-10-18 14:59:45,30238755902988,fraud_Jast Ltd,shopping_net,1.01,Danielle,Yu,F,5395 Colon Burgs Suite 037,Thrall,TX,76578,30.592,-97.2893,1766,Press sub,1976-01-02,cb82b1134ac1d2b07fd7a959cfd36262,1382108385,29.644053000000003,-97.593331,0
378437,2020-11-16 02:00:14,378006354724784,fraud_Stracke-Lemke,grocery_pos,304.53,Christopher,Matthews,M,433 John Heights Apt. 849,Etlan,VA,22719,38.5095,-78.2638,395,Senior tax professional/tax inspector,1982-01-07,7142bd99e4b55b64eacf026cfe97bae0,1384567214,39.106353000000006,-77.712448,1
269451,2020-09-28 22:49:44,60495593109,"fraud_Zboncak, Rowe and Murazik",shopping_net,1000.49,Randall,Dillon,M,4440 George Mills Suite 591,Dallas,TX,75210,32.7699,-96.743,1263321,Television camera operator,1942-11-24,38727838926f6a4237a6346daa7605d4,1380408584,32.91472,-97.668378,1
307743,2020-10-15 22:23:49,341542810616333,fraud_Botsford PLC,home,372.73,Billy,Mcdonald,M,304 Ryan Port Suite 335,Camden,MO,64017,39.2048,-94.0259,464,Colour technologist,1959-05-28,9793bddfe935da0d12bc6db9430f9830,1381875829,39.986908,-94.848004,1
28342,2020-06-30 15:15:09,4653879239169997,"fraud_Bahringer, Schoen and Corkery",shopping_pos,7.68,Monica,Tucker,F,302 Christina Islands,Smiths Grove,KY,42171,37.0581,-86.1938,6841,"Therapist, sports",1999-06-06,56ca2924e597e429dc63b731eb8e3953,1372605309,36.914135,-85.279219,0
498207,2020-12-19 15:15:17,4683520018489354,fraud_Lind-Buckridge,entertainment,110.41,Charles,Carrillo,M,17547 Stephen Turnpike Apt. 846,Hawthorne,CA,90250,33.9143,-118.3493,93193,"Editor, magazine features",1995-04-19,58f3a6afcc4c09c9157db8604a473fb0,1387466117,32.953344,-117.430965,0
310894,2020-10-17 15:38:59,375848982312810,"fraud_Haley, Batz and Auer",health_fitness,92.38,Dale,Smith,M,25036 Contreras Turnpike Suite 270,Purmela,TX,76566,31.4841,-97.9903,258,Web designer,1943-12-15,def63d3ad944c9d4cb66e51f901b978c,1382024339,30.583579,-97.057297,0
129756,2020-08-05 03:17:47,4727244663135968,fraud_Cole PLC,grocery_pos,292.51,Mary,Lewis,F,118 Justin Extension,Bay Minette,AL,36507,30.8635,-87.7644,19090,Science writer,1929-05-30,b529022f0859431202f74e1efae95664,1375672667,30.939598,-87.826081,1
45810,2020-07-06 22:08:55,30197398657930,fraud_Bode-Schuster,kids_pets,23.1,April,Johnson,F,9727 Deleon Mountain,Creedmoor,NC,27522,36.1124,-78.6476,12335,Chief Strategy Officer,1987-09-19,617e2b77c41ea75d0f07688cc937641a,1373148535,36.140824,-78.523526,1
528773,2020-12-26 08:37:42,371284424780634,fraud_Eichmann-Russel,misc_pos,9.31,Jeremy,Moore,M,574 Patricia Extensions,Lubbock,TX,79413,33.5466,-101.8871,254282,"Doctor, general practice",1952-01-29,2fc2a72fb015475e451ead59f197751d,1388047062,32.891468,-101.009035,0
81872,2020-07-19 23:15:44,2703186189652095,fraud_Ullrich Ltd,kids_pets,17.41,Jennifer,Banks,F,561 Perry Cove,Moravian Falls,NC,28654,36.0788,-81.1781,3495,"Psychologist, counselling",1988-03-09,3f9a7e00a75941a8e99541469f23c850,1374275744,36.305746,-80.929714,1
405160,2020-11-27 23:55:15,676275912597,fraud_Mante Group,misc_net,836.06,Edward,Hensley,M,24318 Dixon Mills,Elk Rapids,MI,49629,44.8955,-85.4082,2223,Chief Financial Officer,1986-01-18,93890bb392dbc35874e9f405555e03e5,1385596515,44.738191,-84.83429699999999,1
464284,2020-12-11 23:19:33,4560395181594436016,fraud_Thompson-Gleason,health_fitness,19.45,Angela,Taylor,F,6343 Ramirez Skyway Apt. 518,Lakeport,CA,95453,39.047,-122.9328,11256,Podiatrist,1972-10-18,bfde75d978bb9905a4a8c87440692a4c,1386803973,39.25188,-122.490946,1
208392,2020-09-01 23:25:33,4642255475285942,"fraud_Hintz, Bauch and Smith",health_fitness,9.42,Sabrina,Johnson,F,320 Nicholson Orchard,Thompson,UT,84540,38.9999,-109.615,46,"Surveyor, minerals",1987-04-23,45a5076665dbd20459a2d347bcd233b3,1378077933,39.964861,-109.589206,0
345877,2020-11-01 21:09:35,4646845581490336108,fraud_Botsford PLC,home,40.54,Julia,Bell,F,576 House Crossroad,West Sayville,NY,11796,40.732,-73.1,4056,Film/video editor,1990-06-25,320f79ece4c524d183672b53a749eb51,1383340175,41.365342,-72.202513,0
463561,2020-12-11 19:36:42,6011360759745864,fraud_Champlin-Casper,home,46.1,Steven,Williams,M,231 Flores Pass Suite 720,Edinburg,VA,22824,38.8432,-78.6003,6018,"Designer, multimedia",1947-08-21,8e58009de46826a25807c3974ecffea1,1386790602,38.465112,-78.301358,0
416511,2020-12-01 01:42:47,30266994494236,fraud_Pacocha-O'Reilly,grocery_pos,341.52,Sarah,Foster,F,77872 Andrea Glen Apt. 543,Ford,VA,23850,37.1349,-77.7364,1051,Chief Operating Officer,1976-11-21,f5d8457ca0d3d4c850f7893fab3f092e,1385862167,36.418006,-78.14205,1
405115,2020-11-27 23:34:59,676275912597,fraud_Gerlach Inc,shopping_net,957.9,Edward,Hensley,M,24318 Dixon Mills,Elk Rapids,MI,49629,44.8955,-85.4082,2223,Chief Financial Officer,1986-01-18,07b18357966795a9b071d9ff599b7705,1385595299,45.451729,-85.966786,1
21937,2020-06-28 23:24:26,3581130339108561,fraud_Fisher-Schowalter,shopping_net,1142.66,Gregory,Wood,M,622 Robert Summit,Akron,OH,44307,41.0695,-81.5488,272134,Call centre manager,1964-03-15,6cc195cdb0c39f3ab5d2b1a5860b86a2,1372461866,41.894724,-81.866035,1
188911,2020-08-26 02:10:44,4512828414983801773,fraud_Schumm PLC,shopping_net,834.55,Monica,Cohen,F,864 Reynolds Plains,Uledi,PA,15484,39.8936,-79.7856,328,Tree surgeon,1983-07-25,035a6b81ecab0b0f6e9ae7d9717cea3b,1377483044,38.907559,-79.095668,1
540605,2020-12-28 16:01:18,375248307838179,fraud_Renner Ltd,home,35.98,Joshua,Mendoza,M,4215 Miranda Field Suite 326,Tallmansville,WV,26237,38.8564,-80.158,571,Accounting technician,1967-09-16,62d1da358e0f2a37b9a5cc7ea9faba70,1388246478,39.572054,-80.560662,0
71440,2020-07-15 18:58:40,3579200383632826,fraud_Lemke-Gutmann,shopping_net,932.64,Tyler,Small,M,047 Kevin Haven,Boyd,WI,54726,44.9437,-91.0294,1690,IT trainer,1975-12-24,1663f15f0d49fa2df0ee7a2510214413,1373914720,45.727734000000005,-90.696716,1
405159,2020-11-27 23:54:57,3513506355699497,fraud_Bashirian Group,shopping_net,1071.14,Sarah,Adams,F,5654 Peterson Land,Ridgeland,MS,39157,32.4122,-90.1207,24645,"Scientist, clinical (histocompatibility and immunogenetics)",1966-05-29,b2e1f47d26a43b1ffdaac5962f34b8be,1385596497,32.742388,-90.008881,1
147365,2020-08-11 12:40:04,3558881852140592,fraud_Jacobi Inc,health_fitness,17.61,Christopher,Holt,M,05597 Michael Spurs,Parks,AZ,86018,35.2563,-111.95,759,"Geologist, engineering",1957-03-28,1aa09098521969014cf0aa484e27e472,1376224804,35.272909000000006,-111.374646,0
2804,2020-06-22 06:13:18,4972228199573984,fraud_Rodriguez Group,gas_transport,53.77,Brian,Hogan,M,3316 Cindy Land,Lane,OK,74555,34.2691,-95.9685,861,Quantity surveyor,1960-04-08,e1ed4547f5eec2d05772dac1b7432bf8,1371881598,33.282456,-95.170006,0
438819,2020-12-06 13:59:22,3564182536169293,"fraud_Langworth, Boehm and Gulgowski",shopping_net,1099.03,Brenda,Johnson,F,56160 Nicholas Isle,Norwich,OH,43767,39.9934,-81.8024,1443,Research scientist (medical),1962-03-04,009ae31d7187e430c030336f337923d7,1386338362,39.684015,-81.623829,1
211206,2020-09-03 17:42:00,180011453250192,fraud_Streich Ltd,home,68.86,Craig,Dunn,M,721 Jacqueline Brooks,New Boston,IL,61272,41.2153,-90.9879,1504,Manufacturing engineer,1993-10-05,28038f6e9b836c0cfc79035fc8b9127b,1378230120,40.439404,-90.927653,0
49791,2020-07-07 22:24:08,630451534402,fraud_Torphy-Kertzmann,health_fitness,96.14,Rachel,Daniels,F,561 Little Plain Apt. 738,Wetmore,MI,49895,46.3535,-86.6345,765,Immunologist,1972-06-12,1f4012dcf157d4507318c037e7631f92,1373235848,46.300449,-87.27676899999999,0
101003,2020-07-26 18:59:40,6011504998544485,fraud_Padberg-Sauer,home,53.44,Ashley,Whitney,F,4038 Smith Avenue,Jones,AL,36749,32.5104,-86.8138,1089,Materials engineer,1971-11-02,32a65c68b10a86fc7da445dd36f30d31,1374865180,32.542607000000004,-87.656911,0
433126,2020-12-05 06:35:14,213156747557083,fraud_Wolf Inc,grocery_pos,274.68,Adam,Santos,M,725 Jo Trace Apt. 102,Glendale,CA,91206,34.1556,-118.2322,172817,Advertising account planner,1982-07-30,4c8d1f2dfdbf15e696f2b4c1ff9098a6,1386225314,33.778195000000004,-118.849826,1
553700,2020-12-31 12:21:14,213102873001603,fraud_Morissette-Schaefer,personal_care,3.35,Joanne,Padilla,F,477 Alejandro Knolls Suite 828,Gardiner,OR,97441,43.7857,-124.1437,260,"Engineer, maintenance",1956-09-01,be08820e71900246e4e4b0d6c61804a6,1388492474,44.628766,-123.998683,0
354356,2020-11-05 05:26:11,2229378226512508,fraud_Hackett-Lueilwitz,grocery_pos,316.34,Thomas,Hale,M,949 Smith Parkway,Cazenovia,WI,53924,43.4987,-90.2796,1360,Occupational hygienist,1984-11-06,2c04608cbdd488f19adac44b8733b265,1383629171,42.696423,-90.933113,1
157725,2020-08-15 22:30:12,4634955908138648,fraud_Watsica LLC,personal_care,15.99,Mackenzie,Smith,F,7178 Willis Drive,Hooper,NE,68031,41.6414,-96.5232,1745,"Engineer, automotive",1973-12-26,48a464f2d34e5923491ef734cb8718a3,1376605812,40.977626,-96.840625,1
517082,2020-12-22 21:40:06,4900628639996,fraud_Homenick LLC,personal_care,101.23,Michael,Johnson,M,094 Owens Underpass,Norwalk,CA,90650,33.9056,-118.0818,105549,Firefighter,1973-09-22,b679531ffb32ae69ee3530fab1be3eb6,1387748406,34.088262,-118.452914,0
48140,2020-07-07 14:14:05,30197398657930,fraud_Romaguera and Sons,travel,7.9,April,Johnson,F,9727 Deleon Mountain,Creedmoor,NC,27522,36.1124,-78.6476,12335,Chief Strategy Officer,1987-09-19,bfb91e431a38e7b68ff7b554caa5115d,1373206445,36.276271,-78.626088,1
422759,2020-12-02 03:46:31,377834944388609,"fraud_Kovacek, Dibbert and Ondricka",grocery_pos,324.22,Michael,Jackson,M,539 Underwood Divide,Pea Ridge,AR,72751,36.4539,-94.118,6434,Product designer,1967-08-28,76d2136f4ad5089b78d424faead62673,1385955991,36.67066,-94.352258,1
27311,2020-06-30 09:03:18,343819048608995,"fraud_Roob, Conn and Tremblay",shopping_pos,9.15,Shelby,Cannon,F,1535 Ryan Burgs Suite 919,Des Moines,IA,50312,41.5855,-93.6719,222785,Wellsite geologist,1956-01-24,c390f67187c262178ea23a87b3d2261c,1372582998,40.813824,-94.509237,0
50266,2020-07-08 02:51:09,4713464490314802,fraud_O'Keefe-Hudson,grocery_pos,309.7,Wesley,Parker,M,7452 Browning Port,Mc Intosh,SD,57641,45.7084,-101.1546,295,"Designer, industrial/product",1981-01-26,275321908f279f69e165b8414afd1c73,1373251869,45.027484,-101.388104,1
215843,2020-09-06 02:52:39,4904681492230012,fraud_Kozey-Boehm,shopping_net,1074.89,Lisa,Lowe,F,574 David Locks Suite 207,Cottekill,NY,12419,41.8467,-74.1038,722,Comptroller,1990-10-19,acf5ab009cf57b72d7111c797ad5fd8c,1378435959,41.793532,-73.942409,1
412302,2020-11-30 12:27:47,370877495212014,"fraud_Weber, Thiel and Hammes",kids_pets,13.21,Sarah,Clark,F,25961 Beverly Union Apt. 042,North Wilkesboro,NC,28659,36.2017,-81.1286,21134,Dispensing optician,1984-03-06,f951a536c490afa9a3b768b47b49e994,1385814467,36.356023,-81.79634,0
241079,2020-09-16 03:31:01,342952484382519,"fraud_Boehm, Predovic and Reinger",misc_pos,871.31,Kayla,Jones,F,6033 Young Track Suite 804,East Canaan,CT,6024,42.0158,-73.2913,647,Comptroller,1987-09-26,08935e641fae6db8644e91cedd6204c0,1379302261,41.446311,-73.981542,1
221801,2020-09-08 02:48:16,344709867813900,"fraud_Mosciski, Gislason and Mertz",grocery_pos,184.52,Joanna,Hudson,F,2924 Bobby Trafficway,Sebring,FL,33872,27.4703,-81.4872,50835,Environmental consultant,1986-01-30,6e84d0a792de07e7f64b909de8821c87,1378608496,26.587236,-80.805419,0
90151,2020-07-22 03:08:16,5388659976630693,"fraud_Ruecker, Beer and Collier",shopping_net,1.47,Charles,Preston,M,5364 William Harbor,Seneca,WI,54654,43.2064,-90.9405,153,Quantity surveyor,1962-02-14,86160586ec54d6b8596e6242a2e7262a,1374462496,43.421449,-91.381455,0
454878,2020-12-09 07:20:48,3511378610369890,fraud_Cummings LLC,gas_transport,73.4,James,Cooper,M,663 Ramirez Trace Apt. 951,Huntsville,AL,35811,34.7789,-86.5438,190178,Television production assistant,1973-04-01,160708eca9b1b4b99706d08ff23beb41,1386573648,35.308429,-86.140198,0
112663,2020-07-30 14:42:12,4908846471916297,"fraud_Nitzsche, Kessler and Wolff",shopping_pos,1.4,Lauren,Torres,F,03030 White Lakes,Grandview,TX,76050,32.2779,-97.2351,5875,"Radiographer, therapeutic",1992-07-24,4044178df9fe66b181f8ebe8107a5462,1375195332,32.824118,-97.010188,0
375337,2020-11-14 22:00:18,30487648872433,fraud_Kuhic Inc,grocery_pos,280.0,Stephanie,Crane,F,144 Martinez Curve,Central,IN,47110,38.097,-86.1723,350,Counsellor,1955-01-05,115748031d1cd75da67fe3f36fa3535f,1384466418,37.64114,-86.863674,1
256452,2020-09-22 22:16:45,630441765090,fraud_Pollich LLC,home,19.26,Susan,Washington,F,759 Erin Mount Suite 956,May,TX,76857,31.9571,-98.9656,1791,Corporate investment banker,1965-07-26,c7c29137836e964524befa69a12b53c4,1379888205,31.357776,-98.05828,0
138152,2020-08-08 23:41:56,376445266762684,"fraud_Swaniawski, Nitzsche and Welch",health_fitness,22.93,Rachel,Lowe,F,372 Jeffrey Course,Sutherland,NE,69165,41.1558,-101.136,1789,Insurance broker,1982-02-11,51e8bfa7fa6deacc3cc6eed911b20dfd,1376005316,42.016051,-101.568851,1
258299,2020-09-24 01:08:52,30270432095985,"fraud_Labadie, Treutel and Bode",shopping_net,1004.38,Lisa,Lin,F,908 Brooks Brook,Lomax,IL,61454,40.6761,-91.0391,725,Environmental consultant,1972-11-28,5cc792fddcf3fa7401ab5cf43cd18d28,1379984932,40.862011,-90.144127,1
195609,2020-08-29 09:01:32,4502539526809429801,"fraud_Johnson, Runolfsdottir and Mayer",misc_net,1.49,Stephanie,Cummings,F,1025 Robin Square,Ash Flat,AR,72513,36.2201,-91.6421,2856,Hydrologist,1926-08-27,d91e5dde989e3656ac39821aa95769b0,1377766892,37.011985,-91.894429,0
78388,2020-07-18 22:37:13,30551643947183,fraud_Boyer PLC,shopping_net,5.51,Morgan,Smith,F,1441 Bradley Place,Grover,NC,28073,35.1836,-81.4552,5621,Toxicologist,1973-11-14,75463ae30e6d267eeb70923582f8d35a,1374187033,34.652421000000004,-82.400945,0
378263,2020-11-16 00:15:30,378006354724784,fraud_Spinka Inc,grocery_net,12.05,Christopher,Matthews,M,433 John Heights Apt. 849,Etlan,VA,22719,38.5095,-78.2638,395,Senior tax professional/tax inspector,1982-01-07,c24eecf1545f04249caf3630f2840c7e,1384560930,38.611908,-78.429325,1
453968,2020-12-08 23:22:03,3545109339866548,"fraud_Schuppe, Nolan and Hoeger",shopping_pos,775.14,Keith,Sanders,M,8030 Beck Motorway,Moorhead,MS,38761,33.4783,-90.5142,2870,Chartered public finance accountant,1999-03-05,588dbb82e3e89ac3da5f838443c9c2c1,1386544923,32.814743,-90.185711,1
244474,2020-09-18 07:21:11,3523843138706408,"fraud_Heller, Gutmann and Zieme",grocery_pos,77.01,Grace,Williams,F,28812 Charles Mill Apt. 628,Plantersville,AL,36758,32.6176,-86.9475,1412,Drilling engineer,1970-11-20,580f9f68aa90f0ffb9de0c2f03b7dab4,1379488871,33.247749,-86.14394399999999,0
218647,2020-09-07 03:48:13,4623560839669,"fraud_Schumm, Bauch and Ondricka",grocery_pos,362.27,Vincent,Waller,M,9379 Vanessa Run Apt. 400,Lohrville,IA,51453,42.2619,-94.5566,695,Administrator,1954-07-15,e7d4e2c280169592aa5557648d1edbe4,1378525693,42.262765,-95.382949,1
1034,2020-06-21 18:02:45,573860193545,fraud_Kuhic LLC,shopping_net,8.8,Cristian,Jones,M,0423 Kirby Field Suite 623,Wilmette,IL,60091,42.0765,-87.7246,27020,Trade mark attorney,1986-07-23,80a20e8638b23c65672e67b1d7feeef7,1371837765,41.745952,-88.032608,0
37051,2020-07-04 10:28:50,4989847570577635369,fraud_Cole PLC,grocery_pos,349.74,Vanessa,Anderson,F,21178 Brittney Locks,Prosperity,SC,29127,34.1832,-81.5324,8333,Archaeologist,1994-07-09,641d2681ddc413095cd3053900738738,1372933730,33.595316,-81.34936,1
108834,2020-07-28 19:14:08,4198470814557,fraud_Fritsch and Sons,health_fitness,107.33,Christie,Williamson,F,519 Jerry Views,Avoca,IA,51521,41.4768,-95.3509,2036,Engineering geologist,1971-08-20,fff5c37c970b8f38f8cee61cb531670c,1375038848,41.794637,-95.379601,0
34001,2020-07-03 00:41:07,3589255887819806,"fraud_Moen, Reinger and Murphy",grocery_pos,278.04,David,Miller,M,622 Bradley Knoll Apt. 758,Hancock,MD,21750,39.6991,-78.1762,3766,Press photographer,1984-02-14,97bbc042914e545105dd6bbbec258021,1372812067,39.31171,-77.683835,1
121745,2020-08-03 00:39:40,4653879239169997,fraud_Barton Inc,grocery_pos,298.35,Monica,Tucker,F,302 Christina Islands,Smiths Grove,KY,42171,37.0581,-86.1938,6841,"Therapist, sports",1999-06-06,1c75cb866bb4b25a3b44155c04fb58b7,1375490380,37.356155,-85.517653,1
2650,2020-06-22 04:58:25,3524574586339330,fraud_Schumm PLC,shopping_net,967.86,Ashley,Cabrera,F,94225 Smith Springs Apt. 617,Vero Beach,FL,32960,27.633000000000003,-80.4031,105638,"Librarian, public",1986-05-07,4ee010ce369915da173469857effcea5,1371877105,28.218323,-80.97967,1
134048,2020-08-07 07:35:02,6595970453799027,"fraud_Harris, Gusikowski and Heaney",grocery_net,10.87,Gina,Gomez,F,72030 Shelton Crossing Apt. 742,Stirling,NJ,7980,40.6774,-74.4968,2307,Science writer,1969-09-11,0e7bb135ec2801b8c33c6dace11a0248,1375860902,40.104288,-75.053949,1
523651,2020-12-24 21:46:53,30044330818990,fraud_Jast and Sons,food_dining,60.25,Allison,Ayala,F,87665 Karen Mill Apt. 586,Fort Myers,FL,33967,26.4722,-81.8122,224256,Paramedic,1985-08-29,ae78f8f0e07e1f2f90a27a06c2693966,1387921613,25.86447,-81.938386,0
470195,2020-12-13 12:02:36,6011148190095209,"fraud_Mosciski, Ziemann and Farrell",shopping_net,94.48,Terri,Bailey,F,508 Erin Mount,Daly City,CA,94015,37.6787,-122.478,107941,"Buyer, industrial",1991-10-04,5988f7a6dbc5485dda9c984e7681480f,1386936156,38.264501,-121.722842,0
148722,2020-08-11 20:04:25,2252055259910912,fraud_Bogisich-Weimann,kids_pets,61.99,Jason,Hernandez,M,220 Frank Gardens,Hewitt,WI,54441,44.6437,-90.1031,828,Arts development officer,1991-08-19,fb025de8491ae1dc6a9aad70b8915c03,1376251465,43.918562,-89.531634,0
38964,2020-07-05 03:17:59,213186334552049,fraud_DuBuque LLC,grocery_pos,122.98,Andrea,Perkins,F,37426 Olson Villages,Irvine,PA,16329,41.8117,-79.2643,528,Chief Marketing Officer,1972-09-13,49400ded06fa875e7a65f3a9f918df89,1372994279,42.231732,-78.946421,0
361301,2020-11-08 18:22:08,2475085306462014,"fraud_Schuppe, Nolan and Hoeger",shopping_pos,855.0,John,Miller,M,153 Mccullough Springs Apt. 857,Lamberton,MN,56152,44.2378,-95.2739,1507,Land/geomatics surveyor,1993-10-12,1bc39bda09000eb17556d4de8593a989,1383934928,45.088596,-95.520364,1
59141,2020-07-12 03:05:43,3514897282719543,fraud_Strosin-Cruickshank,grocery_pos,306.32,Steven,Faulkner,M,841 Cheryl Centers Suite 115,Farmington,NY,14425,42.958,-77.3083,10717,Cytogeneticist,1952-10-13,a5de5e3d687904c32d81fb32f0835d2a,1373598343,42.410704,-78.081847,1
91637,2020-07-22 22:36:12,4195740185974,"fraud_Rohan, White and Aufderhar",misc_net,897.8,Benjamin,Robinson,M,0701 John Ranch,Portland,OR,97210,45.5303,-122.7033,841711,"Engineer, building services",1963-04-04,0916d6c3e5a18e696b01b30b1d5df98c,1374532572,45.545722,-123.244956,1
215847,2020-09-06 02:55:42,4764202053279782,fraud_Kemmer-Reinger,grocery_net,35.68,Derek,Jones,M,198 Candace Plaza,Diamond,OH,44412,41.0935,-81.0425,2644,Air cabin crew,1981-01-06,a66dda48c8a50071ff44d1bb29be8357,1378436142,41.304701,-80.601031,0
353958,2020-11-04 22:58:54,2229378226512508,fraud_Lemke-Gutmann,shopping_net,1042.48,Thomas,Hale,M,949 Smith Parkway,Cazenovia,WI,53924,43.4987,-90.2796,1360,Occupational hygienist,1984-11-06,a3711ee05c801d9aa80f14c6b0a858be,1383605934,43.187764,-91.224593,1
302011,2020-10-13 04:31:02,4629451965224809,"fraud_Tillman, Dickinson and Labadie",gas_transport,85.63,Karen,Warren,F,4900 Curtis Gardens Suite 952,Hahira,GA,31632,30.9416,-83.3574,10295,"Teacher, special educational needs",1997-12-26,f0d7f961fe8b4bbf9e07b75a87620363,1381638662,30.858543,-82.664862,0
343619,2020-11-01 00:55:29,4026222041577,"fraud_Kerluke, Kertzmann and Wiza",misc_net,721.23,Debbie,Payne,F,204 Ashley Neck Apt. 169,Preston,CT,6365,41.5224,-71.9934,4720,Broadcast presenter,1977-05-18,79592e0c0fa1a4f946bee09980505211,1383267329,42.031068,-71.149497,1
72904,2020-07-16 13:57:52,36078114201167,fraud_Collier LLC,home,38.24,Christopher,Horn,M,956 Sanchez Highway,Mallie,KY,41836,37.2692,-82.9161,798,Facilities manager,1926-06-26,6cb136ab0505ee7802c8ad50985592c3,1373983072,36.72597,-83.578763,0
149759,2020-08-12 03:51:05,4335531783520911,"fraud_Schultz, Simonis and Little",grocery_pos,314.26,Amy,Daugherty,F,852 Thomas Well Suite 339,Owensville,MO,65066,38.3511,-91.4867,6703,Naval architect,1998-05-20,892b24d6ae85b06f25eeca7df59bdac0,1376279465,37.968739,-91.972486,1
288556,2020-10-06 23:03:17,3586955669388457,"fraud_Langworth, Boehm and Gulgowski",shopping_net,1007.28,Benjamin,Rogers,M,24191 Elizabeth Mill,Bolivar,PA,15923,40.3673,-79.1605,1770,"Administrator, local government",1994-12-08,b29b2d02430bd9ba1708c1e3005e9eeb,1381100597,41.180135,-79.918536,1
432320,2020-12-04 23:58:23,6011148190095209,fraud_Rolfson-Kunde,personal_care,168.62,Terri,Bailey,F,508 Erin Mount,Daly City,CA,94015,37.6787,-122.478,107941,"Buyer, industrial",1991-10-04,3126a114ee57353694e1d03a49e8178f,1386201503,38.604309,-123.381704,0
358006,2020-11-07 07:54:59,2291163933867244,fraud_Thiel PLC,misc_pos,11.14,Jeff,Elliott,M,351 Darlene Green,Columbia,SC,29209,33.9659,-80.9355,333497,Mechanical engineer,1968-03-19,30eaf7bfb6e9813acb6e5795b2adb5c0,1383810899,34.745894,-80.302554,0
485783,2020-12-15 23:39:48,180040027502291,fraud_Fisher Inc,shopping_net,844.77,Mary,Schmidt,F,022 Moore Island,New York City,NY,10162,40.7699,-73.9511,1577385,Audiological scientist,1957-12-29,611fff72c27462a7197d771d34f200ab,1387150788,41.741763,-74.818218,1
106752,2020-07-28 07:01:05,502012776709,"fraud_Christiansen, Goyette and Schamberger",gas_transport,56.14,Sherry,Martinez,F,144 Yu Locks Apt. 754,Garrattsville,NY,13342,42.6315,-75.1866,165,Naval architect,1945-09-20,14b852ff0a8616f5a87b782f019e5487,1374994865,42.303868,-75.847111,0
270178,2020-09-29 05:17:12,6011477612335392,fraud_Vandervort-Funk,grocery_pos,304.51,Anthony,Roberts,M,95488 Cabrera Well,Maria Stein,OH,45860,40.4062,-84.5076,2274,"Designer, television/film set",1943-12-17,451b49abfb83e1b45fa0bf9c2629f172,1380431832,40.183312,-84.443841,1
409721,2020-11-30 00:18:23,6547670341037171,fraud_Morissette PLC,shopping_pos,22.33,Bryce,Joseph,M,148 Baker Field,Chester Heights,PA,19017,39.8839,-75.4669,348,Management consultant,1945-05-05,b83214986c8f565e7f04720b0e44525d,1385770703,39.381037,-74.76,0
345503,2020-11-01 18:18:44,4906628655840914250,"fraud_Ledner, Hartmann and Feest",health_fitness,43.38,Charles,Moreno,M,838 Franklin Prairie Apt. 902,Key West,FL,33040,24.6557,-81.3824,32891,Town planner,1987-02-13,1b569ee65a56fc17c98b8e9bf76e7445,1383329924,24.032051,-80.507468,0
139686,2020-08-09 12:34:03,4302480582202074,fraud_Reilly and Sons,health_fitness,5.03,David,Rodriguez,M,821 Solis Points,Muskegon,MI,49440,43.2326,-86.2492,128715,Historic buildings inspector/conservation officer,1995-05-25,d72f1c5b281bc8b0d6ca5b850cdb5616,1376051643,43.821919,-86.286558,0
11498,2020-06-24 20:22:52,3524574586339330,fraud_Mayert Group,shopping_pos,55.85,Ashley,Cabrera,F,94225 Smith Springs Apt. 617,Vero Beach,FL,32960,27.633000000000003,-80.4031,105638,"Librarian, public",1986-05-07,40256a867c1b8a2e4b7fadcaf888c3ab,1372105372,26.93112,-81.09261500000001,0
306277,2020-10-15 01:37:04,3501942333500073,fraud_Conroy-Cruickshank,gas_transport,7.23,Lori,Bishop,F,08056 Alvarado Club Suite 699,Phoenix,AZ,85086,33.8155,-112.1202,1312922,Counselling psychologist,1999-11-30,8e30c2f8d7fdc6883d15502818da6581,1381801024,32.914517,-111.336653,1
112869,2020-07-30 16:43:24,3533177016567295,fraud_Altenwerth-Kilback,home,24.34,Derek,Bentley,M,782 Lee Crossing Apt. 209,Weeping Water,NE,68463,40.8731,-96.1528,1517,Dealer,1951-11-08,ef4b2c49307b3187a27d0a75c5624081,1375202604,41.332126,-96.567519,0
67492,2020-07-14 10:36:46,213161293389774,fraud_Kerluke Inc,misc_net,76.96,Catherine,Weber,F,74890 Rodriguez Springs Apt. 540,West Henrietta,NY,14586,43.0397,-77.6871,10256,"Teacher, primary school",1968-06-24,c82ba6c642e458331e8b0d1b8f555b3b,1373798206,42.984969,-77.127213,0
203048,2020-08-31 16:06:24,375534208663984,fraud_Grimes LLC,entertainment,84.85,Tyler,Garcia,M,408 Bradley Rest,Doe Hill,VA,24433,38.4207,-79.4629,99,Dance movement psychotherapist,1986-03-28,452970078a7c942a6bdbb5a794d6918b,1377965184,39.125281,-78.792576,0
257896,2020-09-23 19:37:25,2233882705243596,"fraud_Turner, Ziemann and Lehner",food_dining,38.61,Jamie,Robinson,F,67089 Caitlin Meadow Apt. 905,Sturgis,MS,39769,33.357,-89.0473,1923,Medical physicist,1960-01-16,4fb4a9ec27b69c6eac9e1db236828b6e,1379965045,34.157594,-89.72359300000001,0
178752,2020-08-23 10:25:43,4908846471916297,fraud_Cassin-Harvey,grocery_net,77.64,Lauren,Torres,F,03030 White Lakes,Grandview,TX,76050,32.2779,-97.2351,5875,"Radiographer, therapeutic",1992-07-24,65c038acca8dd6a80aa661fed5a5a20b,1377253543,32.757144,-96.736014,0
343479,2020-10-31 23:06:47,4087542780207162,"fraud_Kerluke, Kertzmann and Wiza",misc_net,785.09,Nicole,Dominguez,F,537 Brian Island,Guthrie,OK,73044,35.833,-97.436,20226,Retail manager,1969-11-08,4ea1c96097820100b9ff550ea2647915,1383260807,36.828544,-98.196468,1
46152,2020-07-06 23:48:11,30197398657930,"fraud_Kling, Howe and Schneider",home,259.8,April,Johnson,F,9727 Deleon Mountain,Creedmoor,NC,27522,36.1124,-78.6476,12335,Chief Strategy Officer,1987-09-19,cc62c142f3facc4d676cb804144406d8,1373154491,36.553598,-79.34500200000001,1
293670,2020-10-09 23:10:32,213199865312311,fraud_Kunde-Sanford,misc_net,750.35,Christopher,Miller,M,493 Fitzgerald Fields Suite 454,Varnell,GA,30756,34.9298,-84.9885,74,Pensions consultant,1944-05-14,b11e3a28ad0b3b6f3fbc2b0c8ee4d9f8,1381360232,33.992163,-84.091418,1
106985,2020-07-28 08:39:59,4914700582394237,fraud_Spinka-Welch,grocery_net,74.5,John,Williams,M,8929 Phillips Corners Suite 259,Harmony,PA,16037,40.8496,-80.1381,4589,Bookseller,1956-05-01,2371e5edf70003bf4f2e581803d8ccd8,1375000799,40.064713,-79.509504,0
385998,2020-11-19 00:19:16,213198837352314,"fraud_Lockman, West and Runte",grocery_pos,88.01,John,Vega,M,4483 Sharp Ferry Apt. 468,Garfield,KS,67529,38.0649,-99.2374,365,Equality and diversity officer,1991-02-03,4c9bacef500c9de8d4e8a74ec299cf82,1384820356,37.261044,-99.830476,0
56687,2020-07-11 03:15:16,6011399591920186,fraud_Gutmann Ltd,grocery_net,8.96,Maria,Roy,F,58665 Nicholas Ford Suite 348,Sheffield,MA,1257,42.1001,-73.3611,2121,Radio producer,1973-10-14,e453da5e2e1efc0ea68db697db444dea,1373512516,42.06394,-72.813552,1
320955,2020-10-21 05:59:55,36722699017270,"fraud_Swaniawski, Bahringer and Ledner",grocery_net,40.56,Jessica,Perez,F,8172 Robertson Parkways Suite 072,Superior,AZ,85173,33.2887,-111.0985,2872,Petroleum engineer,1987-10-28,6d2dd979cdd8cf4c37d5684e6545734d,1382335195,34.00893,-110.82698899999998,0
330223,2020-10-25 23:42:37,4740713119940984,fraud_Mohr-Bayer,shopping_net,1106.48,Heather,Hines,F,13776 Hicks Plains,Pomona,NY,10970,41.1901,-74.0436,9993,Pensions consultant,1962-10-16,120d14bb3592bc7cdf25f950dd2d4535,1382744557,41.363648,-73.284992,1
59027,2020-07-12 02:06:16,4736845434667908128,"fraud_Olson, Becker and Koch",gas_transport,38.75,Toni,Gomez,F,062 Carl Dam,Altona,NY,12910,44.8816,-73.6408,2148,"Surveyor, land/geomatics",1953-05-23,bd78ad34fda2953e75e710e97ad1047d,1373594776,45.750793,-73.570719,0
221560,2020-09-08 00:20:14,3597926034019603,fraud_Koepp-Witting,grocery_pos,304.14,Derrick,Flores,M,83690 Nicholas Ports Apt. 846,Oakland,TN,38060,35.2229,-89.5518,9496,Furniture conservator/restorer,1993-03-23,f7ff989ec005852f5a04a82dec64ef58,1378599614,34.794461,-90.44335,1
125397,2020-08-03 22:22:52,2358122155477959,fraud_Kihn Inc,shopping_pos,1113.4,Mike,Tran,M,17355 Mendoza Bypass Suite 059,Linthicum Heights,MD,21090,39.2092,-76.6681,9784,"Conservator, furniture",1924-10-30,68e302253cf031d4d5c94fae29e2f35e,1375568572,39.73311,-77.366091,1
504910,2020-12-20 22:38:19,6011438889172900,fraud_Volkman PLC,food_dining,103.16,Allison,Allen,F,40624 Rebecca Spurs,De Witt,AR,72042,34.2853,-91.3336,5161,Electrical engineer,1993-04-08,670a2cc8f872edad521018e8ab82ce87,1387579099,34.549328,-90.665972,0
131732,2020-08-06 04:37:49,4555104582813474,fraud_Kiehn-Emmerich,grocery_pos,96.52,Chris,Daniel,M,025 White Fork Apt. 633,Rock Glen,PA,18246,40.954,-76.1747,143,Health and safety adviser,1982-02-19,2610b6dc4c5cd0f434c24d29298dba35,1375763869,41.720951,-75.211438,0
200283,2020-08-30 22:20:42,6596735789587928,fraud_Osinski Inc,personal_care,19.13,Spencer,Williams,M,1145 Tony Drive Suite 080,Watertown,MN,55388,44.9595,-93.8482,5619,Licensed conveyancer,1959-01-15,37619adedf40d74dd83b741130220ab1,1377901242,44.594603,-92.912222,1
32552,2020-07-02 09:16:02,3585052663373890,fraud_Dickinson-Rempel,misc_pos,94.7,Jeffery,Brown,M,296 Maria Street,West Eaton,NY,13484,42.8546,-75.6605,176,Science writer,1963-12-28,09fecc04f82d79f46a228dc8dff19570,1372756562,43.757765,-75.683657,0
483801,2020-12-15 17:13:43,6596735789587928,fraud_O'Hara-Wilderman,food_dining,70.78,Spencer,Williams,M,1145 Tony Drive Suite 080,Watertown,MN,55388,44.9595,-93.8482,5619,Licensed conveyancer,1959-01-15,4070dc357e1d4e605fc15f0191ece497,1387127623,44.227341,-94.466176,0
323079,2020-10-22 15:02:48,3527536963490470,fraud_Boyer-Haley,travel,2.34,Teresa,Stein,F,2838 White Fields Apt. 473,Brunson,SC,29911,32.9413,-81.1807,1725,Social researcher,1974-12-05,353b9ccd87bc65a80e0b79239f05ec62,1382454168,32.937108,-80.980548,0
95545,2020-07-24 17:58:58,4155021259183870,"fraud_Labadie, Treutel and Bode",shopping_net,9.22,Renee,Parrish,F,174 Jennifer Meadow Apt. 467,Mountain Park,OK,73559,34.7032,-98.9591,540,Research scientist (life sciences),1983-10-12,261731bdf02810d1ac9def53301cd3e2,1374688738,35.578416,-99.749579,0
133471,2020-08-06 23:53:54,348253506557335,"fraud_Schultz, Simonis and Little",grocery_pos,332.71,Thomas,Gibson,M,32745 Silva Springs Suite 040,Grand Bay,AL,36541,30.4983,-88.3282,15647,Armed forces logistics/support/administrative officer,1948-03-22,f5fca8b13dc8428bcd373c7561ab837a,1375833234,31.315238,-88.522865,1
423329,2020-12-02 09:28:08,4319584480204988982,"fraud_Goldner, Kovacek and Abbott",grocery_pos,139.71,Kathleen,Nash,F,010 Salazar Walk,Cromona,KY,41810,37.1788,-82.695,502,Chief Financial Officer,1960-02-01,e8a90afce39721501034a634bcf25db2,1385976488,37.599222,-81.724461,0
165598,2020-08-18 03:34:11,4810789809665942990,fraud_Conroy-Cruickshank,gas_transport,58.73,Julie,Sanchez,F,916 Charles Road,Bowersville,OH,45307,39.5756,-83.7153,338,Quantity surveyor,1988-07-28,5c385bf6e69fbe9cafd42bc025bc7f28,1376796851,39.265609000000005,-84.158455,0
121836,2020-08-03 01:23:17,2358122155477959,fraud_VonRueden Group,grocery_net,5.6,Mike,Tran,M,17355 Mendoza Bypass Suite 059,Linthicum Heights,MD,21090,39.2092,-76.6681,9784,"Conservator, furniture",1924-10-30,9f8d0f8fbf22e630e6a9b350f74823c7,1375492997,40.04167,-77.21912900000001,1
51879,2020-07-09 00:02:54,503851367360,fraud_Cummerata-Jones,gas_transport,10.77,Bruce,Hall,M,77686 Donald Bridge Apt. 711,Grifton,NC,28530,35.3757,-77.4193,7332,Forensic psychologist,1957-06-27,d056a475f3363e59950376619460edfa,1373328174,35.922623,-77.33431,1
440768,2020-12-06 21:23:04,4412720572684931,fraud_Auer-Mosciski,grocery_pos,338.94,Richard,Marshall,M,295 Page Creek Suite 181,Greenbush,VA,23357,37.7681,-75.6664,776,Psychiatrist,1949-11-17,5f4646c7932e6490b780f1f016262fa3,1386364984,38.54937,-76.45039399999999,1
10167,2020-06-24 02:56:50,180098888332620,fraud_Murray-Smitham,grocery_pos,287.38,Dennis,Davidson,M,08469 Trujillo Forge,Springville,NY,14141,42.52,-78.6847,7728,"Scientist, research (maths)",1959-03-30,a623c5c05b514e3d56ee333bd5565adc,1372042610,42.012741,-79.204228,1
453937,2020-12-08 23:15:43,3591919803438423,"fraud_Romaguera, Cruickshank and Greenholt",shopping_net,988.31,Brian,Williams,M,32941 Krystal Mill Apt. 552,Titusville,FL,32780,28.5697,-80.8191,54767,Set designer,1987-07-25,31672226b0a8a2cdcad2fd2350fc3f40,1386544543,28.460745000000003,-81.369518,1
126233,2020-08-04 03:53:50,4725837176265195730,"fraud_Goldner, Kovacek and Abbott",grocery_pos,322.27,Elizabeth,Mckee,F,358 Pruitt Square,Jay,FL,32565,30.8985,-87.1332,5719,Higher education careers adviser,1994-11-05,ca57ad48e3b9b15445497161e40fbad4,1375588430,29.989522,-86.24600500000001,1
309661,2020-10-16 22:31:03,4306586894261180,"fraud_Schmeler, Bashirian and Price",shopping_net,891.36,Renee,Walls,F,86542 Jessica Fords Apt. 706,Veedersburg,IN,47987,40.1186,-87.2602,4049,"Development worker, community",1959-10-19,0f5258ac0127d104640c98ad7b2c0d42,1381962663,39.910453,-86.66265,1
124752,2020-08-03 19:23:09,6011438889172900,"fraud_Koss, Hansen and Lueilwitz",home,24.72,Allison,Allen,F,40624 Rebecca Spurs,De Witt,AR,72042,34.2853,-91.3336,5161,Electrical engineer,1993-04-08,bfb686ddcb5974ac3647b644d76ebd44,1375557789,34.436054,-92.318744,0
421290,2020-12-01 20:36:16,377834944388609,"fraud_Streich, Dietrich and Barton",shopping_net,934.26,Michael,Jackson,M,539 Underwood Divide,Pea Ridge,AR,72751,36.4539,-94.118,6434,Product designer,1967-08-28,7bb1da85296b8083abb762c1dee66be1,1385930176,36.325663,-94.115099,1
12089,2020-06-25 03:37:08,6011305591981276,"fraud_Raynor, Reinger and Hagenes",gas_transport,67.79,Daniel,Jones,M,290 Kathryn Fall,Huntsville,AL,35803,34.6205,-86.551,190178,"Engineer, automotive",1959-06-06,6c3230ca849bfd00e9e75c81d40791b6,1372131428,33.769101,-87.34219300000001,0
534373,2020-12-27 14:50:15,4512828414983801773,fraud_Bednar PLC,kids_pets,73.75,Monica,Cohen,F,864 Reynolds Plains,Uledi,PA,15484,39.8936,-79.7856,328,Tree surgeon,1983-07-25,ff91674ab81a6a3a040c374f6600842c,1388155815,40.039055,-79.88778,0
93134,2020-07-23 17:08:05,3545109339866548,"fraud_Reichert, Huels and Hoppe",shopping_net,9.4,Keith,Sanders,M,8030 Beck Motorway,Moorhead,MS,38761,33.4783,-90.5142,2870,Chartered public finance accountant,1999-03-05,17cba7afb12b62826c2e834640e3d25e,1374599285,33.094934,-91.48711,0
304225,2020-10-13 21:15:33,4129767952109660,"fraud_Schiller, Blanda and Johnson",home,255.24,Cheryl,Ballard,F,248 James Squares Apt. 838,Halstad,MN,56548,47.3551,-96.798,771,"Scientist, audiological",1972-06-14,593cb928bcefeb165233d0855f6b3972,1381698933,47.358852,-97.068948,1
209893,2020-09-02 22:34:07,375767678113375,fraud_Botsford and Sons,home,55.23,Christopher,Patterson,M,16744 Campbell Wall Apt. 372,Timberville,VA,22853,38.6476,-78.7717,4367,Waste management officer,1962-04-12,50bcbe33eca45f75b153e6e9b06dda2a,1378161247,38.61387,-78.200414,0
26055,2020-06-29 23:28:28,571844099986,fraud_Sawayn PLC,shopping_pos,888.56,Susan,Mills,F,005 Cody Estates,Louisville,KY,40202,38.2507,-85.7476,736284,Engineering geologist,1952-04-02,e3745021f85a57c9d1a71bab8b24a60e,1372548508,38.033283,-85.15483499999999,1
361852,2020-11-08 22:05:08,4229733778084049,fraud_Stamm-Witting,shopping_net,1.36,Tyler,Mills,M,7838 Jason Squares,Elizabethtown,KY,42701,37.6848,-85.8784,48194,Surgeon,1990-05-03,e92f115535aec36a6d97f0cd9da075e3,1383948308,38.190119,-84.903547,0
317299,2020-10-19 22:11:33,378858024506425,"fraud_Reichert, Huels and Hoppe",shopping_net,1015.71,Debra,Eaton,F,72743 Brian Run,Paradise Valley,AZ,85253,33.5494,-111.9565,17047,Building surveyor,1935-01-29,6d6fcd5a806279f2f0a072475862ab97,1382220693,33.919641,-111.911523,1
348203,2020-11-02 16:40:30,3502377050801561,fraud_Larkin Ltd,kids_pets,87.35,Kathleen,Martin,F,659 Nicole Cove Suite 560,New Waverly,TX,77358,30.5354,-95.4532,4993,"Scientist, biomedical",1948-11-30,86a5a076e889b51c74c7878f3ca778f9,1383410430,31.009928,-96.005954,0
151313,2020-08-12 23:21:30,374497717543058,fraud_Zemlak Group,misc_net,822.29,Linda,Hurst,F,31701 Tucker Square Suite 893,Wilton,ND,58579,47.1709,-100.7944,1190,"Designer, ceramics/pottery",1948-06-30,dd8715aea70e31bd44d02958b1d0622b,1376349690,47.607067,-101.720454,1
310430,2020-10-17 10:06:49,583699482621,fraud_Hills-Witting,shopping_net,1.45,Jennifer,Jones,F,5572 Kelly Plains Apt. 952,Waupaca,WI,54981,44.3481,-89.1101,15426,"Engineer, civil (contracting)",1936-07-22,d331404daa19ee7a767fcb3655b129cb,1382004409,44.589769,-88.873403,0
26696,2020-06-30 03:59:50,3586008444788268,"fraud_Effertz, Welch and Schowalter",entertainment,520.02,Crystal,Fuller,F,000 Jennifer Mills,Issaquah,WA,98027,47.4974,-122.0107,50489,Osteopath,1984-02-29,ed40b7db85bb1279000dc0f694a88305,1372564790,46.780492,-122.916246,1
243950,2020-09-17 23:03:36,3530503964418806,"fraud_Romaguera, Cruickshank and Greenholt",shopping_net,1038.25,David,Nichols,M,0638 Fred Ramp Suite 086,Palmdale,CA,93552,34.5715,-118.0231,171170,Chemical engineer,1963-06-04,aea6b4db63ae01a25d6b34e5cd30ac9a,1379459016,34.287735999999995,-117.297267,1
89682,2020-07-21 22:40:47,3556613125071656,fraud_Hackett-Lueilwitz,grocery_pos,85.79,Jose,Vasquez,M,572 Davis Mountains,Lake Jackson,TX,77566,29.0393,-95.4401,28739,Futures trader,1999-12-27,b526e0f8eabbedb4889d0dc83725e5d8,1374446447,28.577359,-95.48128,0
311493,2020-10-17 22:01:35,30570197515105,fraud_Koelpin and Sons,misc_net,793.61,Vincent,Cain,M,64851 Cole Turnpike,Hartford,AL,36344,31.086,-85.7192,5732,Jewellery designer,1945-12-07,45f8b897d5094ba5efe82bb11e4411f1,1382047295,31.209,-85.327329,1
85283,2020-07-20 20:18:13,4708992452821239,fraud_Reichel LLC,personal_care,8.29,Jared,Walters,M,3326 Hannah Fords,Cord,AR,72524,35.8184,-91.3375,376,"Designer, ceramics/pottery",1938-09-08,fcd0e82b04609b298e87ed8d65697ea8,1374351493,36.523192,-90.436126,0
205441,2020-09-01 05:58:29,345060451158891,fraud_McGlynn-Heathcote,misc_net,20.85,Brian,Perez,M,78652 Scott Ports,Ashfield,MA,1330,42.5232,-72.811,1506,"Production assistant, radio",1960-04-03,53dd0fe3a6ae90590ce979935b197f40,1378015109,42.612284,-73.12181600000001,0
387928,2020-11-20 04:15:26,377654590313960,fraud_Kiehn-Emmerich,grocery_pos,130.01,Lawrence,Davis,M,7421 Serrano Lane Apt. 580,Powell,TN,37849,36.0435,-84.04,25459,"Teacher, special educational needs",1969-02-22,5c968d1a8e4745f6b5f717d91daea7d4,1384920926,35.37008,-84.583596,0
503252,2020-12-20 16:45:34,639023984367,"fraud_Kihn, Brakus and Goyette",personal_care,26.22,Destiny,Lowe,F,79472 Stevens Trace Apt. 120,Hannawa Falls,NY,13647,44.6087,-74.9732,69,Chief Executive Officer,1991-06-05,51ebe920618e2e5d07dd964ef9ca4cfe,1387557934,45.056299,-74.003795,0
323214,2020-10-22 16:46:54,3518669219150142,"fraud_Parker, Nolan and Trantow",entertainment,31.8,Dorothy,Thomas,F,537 Rice Square Suite 040,Milford,OH,45150,39.1657,-84.23299999999999,31394,Hospital doctor,1996-11-12,96a6b9ab1dd86dc56f5cd2cc378ed3fe,1382460414,39.933084,-84.109887,0
301281,2020-10-12 22:05:40,4658490815480264,fraud_Sporer-Keebler,personal_care,94.14,Tara,Richards,F,4879 Cristina Station,Keisterville,PA,15449,39.9636,-79.7853,184,Systems developer,1945-11-04,039bedf9ef0ae7ca8bd730e305bdc3af,1381615540,40.497945,-79.273498,0
214096,2020-09-05 06:52:12,573283817795,fraud_Larson-Moen,entertainment,1.16,Amy,Flynn,F,46095 Tara Fords,Jaffrey,NH,3452,42.8178,-72.0275,5457,"Surveyor, hydrographic",1950-04-17,0b7020601c83989a00fe14f9718c971d,1378363932,42.258711,-71.076853,0
188814,2020-08-26 00:50:12,3563837241599446,fraud_Kiehn-Emmerich,grocery_pos,312.74,Timothy,Simmons,M,1049 John Ports Suite 057,Newberg,OR,97132,45.3099,-122.9685,28278,Research scientist (physical sciences),1977-07-17,ce2f449d8ab12ea5347b0c7d7a13fcbe,1377478212,44.886755,-122.3418,1
95447,2020-07-24 17:07:13,4079773899158,"fraud_McDermott, Osinski and Morar",home,14.2,Eric,Preston,M,7020 Doyle Stream Apt. 951,Mesa,ID,83643,44.6255,-116.4493,129,Cartographer,1965-12-15,93eac87e82704dd0db76ad95cb4215ec,1374685633,44.335994,-115.487141,0
330196,2020-10-25 23:32:34,4295296907373,"fraud_Langworth, Boehm and Gulgowski",shopping_net,1061.53,Destiny,Fowler,F,007 Tonya Isle Suite 299,Wever,IA,52658,40.7067,-91.2268,1071,Quantity surveyor,1998-08-02,415e12f8a1396525fed1aa8a86981460,1382743954,41.026989,-92.058575,1
185205,2020-08-25 01:17:27,4119762878330989,"fraud_Huel, Hammes and Witting",grocery_pos,315.83,Melinda,Gutierrez,F,1497 West Gateway,Eureka,IL,61530,40.7152,-89.2706,6713,Archivist,1945-08-19,3d02dbe4445b54f139688d14ff7506ee,1377393447,40.298678,-89.729564,1
272370,2020-09-29 22:00:59,6011477612335392,fraud_Gleason-Macejkovic,shopping_net,844.39,Anthony,Roberts,M,95488 Cabrera Well,Maria Stein,OH,45860,40.4062,-84.5076,2274,"Designer, television/film set",1943-12-17,b92e448b12ffb1f0f2a17fa72c8d8c8c,1380492059,40.337715,-84.817892,1
396826,2020-11-23 21:52:45,3500165543009955,"fraud_Stanton, Jakubowski and Baumbach",shopping_net,913.17,Ricky,Dunn,M,97689 Davis Point Apt. 967,Detroit,MI,48214,42.3669,-82.9938,673342,Health visitor,1983-09-02,82b2ca3ca9a85300767f011ddb7b09d3,1385243565,42.152715,-82.733987,1
479206,2020-12-14 22:00:50,377550167323848,fraud_Botsford PLC,home,282.22,Kevin,Walters,M,87227 Tapia Burgs,Auburn,ME,4210,44.0948,-70.23899999999999,23045,Tourist information centre manager,1958-09-02,6a56892bc25617b9656f0901f7d8b918,1387058450,44.841518,-70.023187,1
500062,2020-12-20 01:19:21,30033162392091,fraud_Kiehn Inc,grocery_pos,84.64,Kevin,Summers,M,7302 Samantha Mission,Carroll,NE,68723,42.277,-97.1926,566,Metallurgist,1975-01-26,14b78ec6183c7b677c18fc0ab6e2e03f,1387502361,41.538959000000006,-97.825991,0
389360,2020-11-20 22:18:46,3582402971899057,fraud_Medhurst PLC,shopping_net,994.02,Michele,Patrick,F,557 Lynn Garden Suite 907,Spirit Lake,ID,83869,47.9657,-116.868,4161,Production manager,1957-06-12,119fab045d8d0677d0e8c58a03c15962,1384985926,47.634533000000005,-116.936717,1
192439,2020-08-27 22:03:12,583699482621,"fraud_Labadie, Treutel and Bode",shopping_net,892.48,Jennifer,Jones,F,5572 Kelly Plains Apt. 952,Waupaca,WI,54981,44.3481,-89.1101,15426,"Engineer, civil (contracting)",1936-07-22,b4bff799cb2db586f9be477bf0a8ccd2,1377640992,43.49546,-88.220483,1
225904,2020-09-09 22:05:06,570273151375,fraud_Bauch-Raynor,grocery_pos,315.06,Peter,Edwards,M,96122 Steven Flat,Allentown,GA,31003,32.6064,-83.2095,112,"Lecturer, higher education",1965-02-03,42613d8e316e80b1cce3e2ea812365d2,1378764306,33.156624,-82.979507,1
26633,2020-06-30 03:27:49,3528231451607350,fraud_Kuhic Inc,grocery_pos,307.33,Lauren,Moreno,F,83719 Wilson Shore,Heislerville,NJ,8324,39.224,-74.9942,526,Exercise physiologist,1940-09-06,a56ef946aaa6ce8a461f001ff3fc3e02,1372562869,38.653216,-74.367462,1
31102,2020-07-01 15:33:34,213191402330021,fraud_Koelpin and Sons,misc_net,2.37,Thomas,Sullivan,M,464 Newman Crossroad,Milwaukee,WI,53228,42.9676,-88.0434,817312,"Accountant, chartered public finance",2004-03-18,dcbe27f7edc0fdb2f6b5b80d4dd868eb,1372692814,42.222026,-88.485087,0
27340,2020-06-30 09:18:33,3573030041201292,"fraud_Schaefer, Maggio and Daugherty",gas_transport,69.37,Joanne,Williams,F,3638 Marsh Union,Altonah,UT,84002,40.3207,-110.436,302,"Sales professional, IT",1990-01-17,af37930e0620d39835fd0b94479c89c3,1372583913,39.346377,-109.859912,0
85879,2020-07-20 23:05:14,4428780983793657331,"fraud_Kihn, Abernathy and Douglas",shopping_net,960.91,Richard,Waters,M,7683 Natasha Way Apt. 945,Waukesha,WI,53186,42.9993,-88.2196,95015,"Therapist, occupational",1946-01-02,91d495ec9b58c64a5815c3c4af86f148,1374361514,42.027111,-88.529956,1
468916,2020-12-13 05:07:32,213199865312311,"fraud_Stanton, Jakubowski and Baumbach",shopping_net,3.44,Christopher,Miller,M,493 Fitzgerald Fields Suite 454,Varnell,GA,30756,34.9298,-84.9885,74,Pensions consultant,1944-05-14,8ea0ed3d3d4ccef941d3272686e5acd8,1386911252,34.820877,-85.096822,0
279878,2020-10-04 01:54:21,30510856607165,"fraud_Casper, Hand and Zulauf",grocery_pos,309.78,Frederick,Robinson,M,1125 Ray Track,Livonia,MI,48154,42.3958,-83.3772,96942,Horticultural consultant,1965-04-01,5d225b27228581562328accf68bbbc75,1380851661,43.062709000000005,-84.054539,1
258108,2020-09-23 22:24:13,213141712584544,fraud_Botsford PLC,home,49.85,Margaret,Curtis,F,742 Oneill Shore,Florence,MS,39073,32.153,-90.1217,19685,Fine artist,1984-12-24,79a5534bce179b57c989ebdd7b75eb24,1379975053,31.959418,-90.202599,0
268770,2020-09-28 18:41:03,30118423745458,"fraud_Lowe, Dietrich and Erdman",kids_pets,83.13,Jared,Velazquez,M,01479 Murray Circle,Matawan,NJ,7747,40.4109,-74.238,30770,Drilling engineer,1993-04-29,aea8476c4be47855893463403bc9c8ee,1380393663,40.260452,-73.508509,0
285963,2020-10-06 02:55:03,3586955669388457,fraud_Cummerata-Jones,gas_transport,11.82,Benjamin,Rogers,M,24191 Elizabeth Mill,Bolivar,PA,15923,40.3673,-79.1605,1770,"Administrator, local government",1994-12-08,1845ab3014089bcad31e5d224ad7c526,1381028103,40.282833,-80.074178,1
155849,2020-08-15 02:08:03,4634955908138648,fraud_Botsford Ltd,shopping_pos,1319.97,Mackenzie,Smith,F,7178 Willis Drive,Hooper,NE,68031,41.6414,-96.5232,1745,"Engineer, automotive",1973-12-26,3f039e6f6df9f883e39f3b7b6b782a9c,1376532483,42.276801,-95.911843,1
85908,2020-07-20 23:16:26,4225990116481262579,"fraud_Greenholt, O'Hara and Balistreri",shopping_net,888.45,Brian,Simpson,M,2711 Duran Pines,Honokaa,HI,96727,20.0827,-155.488,4878,Physiotherapist,1966-12-03,78eb12322647016f44792a0110409c73,1374362186,19.393922,-156.469371,1
496103,2020-12-18 23:40:45,4364010865167176,fraud_Brown Inc,kids_pets,124.87,Gary,Martinez,M,03512 Jackson Ports,Reno,NV,89512,39.5483,-119.7957,276896,Immunologist,1997-03-12,9aaf2dd721b3a0e64befcfc7b5360c5d,1387410045,40.363906,-119.962456,0
122664,2020-08-03 07:49:17,2268221587779419,fraud_Thiel PLC,misc_pos,7.4,Peggy,Berry,F,517 Vasquez Lodge,Vancouver,WA,98665,45.6892,-122.6616,299480,Teaching laboratory technician,1985-01-02,06701e526c0a605e33c63c1c69ce49f8,1375516157,45.612755,-122.517571,0
27666,2020-06-30 11:53:27,560881134780,"fraud_Osinski, Ledner and Leuschke",grocery_pos,189.77,Audrey,Martinez,F,343 Joshua Views,Liberty Mills,IN,46946,41.0356,-85.7358,136,Soil scientist,1953-03-19,27d0796cb81da3152be5c91d821cca8a,1372593207,40.497652,-85.40684399999999,0
87732,2020-07-21 12:43:06,30364087349027,fraud_Hickle Group,shopping_pos,1.21,Samuel,Sandoval,M,0005 Morrison Land,Mounds,OK,74047,35.8896,-96.0887,7163,Fitness centre manager,1982-02-05,16f04de20d1eaad4e67615c3c44a4485,1374410586,36.163201,-95.350697,0
520661,2020-12-23 23:26:18,30131826429364,fraud_Ernser-Feest,home,14.69,Brianna,Foley,F,57256 Raymond Ports,Knoxville,TN,37932,35.9335,-84.1481,391389,"Designer, industrial/product",1994-04-22,b1aa5cb2cbebf59bf76e5c330ef6eac7,1387841178,36.843855,-83.556649,0
89934,2020-07-21 23:50:40,4797297220948468262,"fraud_Wuckert, Wintheiser and Friesen",home,271.38,Erica,Briggs,F,3310 Davidson Spurs Apt. 107,Oolitic,IN,47451,38.8938,-86.5246,1228,Counsellor,1991-03-13,f9386d1aa8c46df41cc116098e24c8d7,1374450640,39.780983,-86.236041,1
428496,2020-12-03 23:11:27,3588001568691267,"fraud_Towne, Greenholt and Koepp",shopping_net,881.12,Jason,Johnson,M,5942 Thomas Park,Craig,AK,99921,55.4732,-133.1171,1920,Commissioning editor,1997-06-17,1ef0bac58f04ea3a2ae580e26e65795f,1386112287,56.034742,-132.408328,1
76545,2020-07-18 03:51:48,2703186189652095,"fraud_Langworth, Boehm and Gulgowski",shopping_net,1097.18,Jennifer,Banks,F,561 Perry Cove,Moravian Falls,NC,28654,36.0788,-81.1781,3495,"Psychologist, counselling",1988-03-09,1042c537f7176e8f6e7e66306e771131,1374119508,36.763378,-81.221175,1
266203,2020-09-27 22:18:28,372965408103277,fraud_DuBuque LLC,grocery_pos,307.77,Debbie,Robbins,F,53199 Laurie Mills Apt. 864,Kirtland,NM,87417,36.741,-108.351,6910,TEFL teacher,1956-02-02,257221dad34d2cf207e4ab202c1d8906,1380320308,35.81365,-107.587304,1
327231,2020-10-24 20:34:24,4883407061576,fraud_Boyer PLC,shopping_net,1041.54,Rachel,Williams,F,6386 Bailey Hill Apt. 421,Seattle,WA,98118,47.5412,-122.275,837792,Systems developer,1936-12-23,982311611279f5d34b3b9b30004c6371,1382646864,48.287785,-121.80191299999998,1
240053,2020-09-15 18:33:48,30263540414123,fraud_Morissette LLC,entertainment,109.54,Erik,Patterson,M,162 Jessica Row Apt. 072,Hatch,UT,84735,37.7175,-112.4777,258,Geoscientist,1961-11-24,767539ec88b7fd790e5065642d9d1e58,1379270028,38.238139,-113.406879,0
253829,2020-09-22 01:25:18,4170689372027579,"fraud_Lind, Huel and McClure",gas_transport,9.04,Samuel,Frey,M,830 Myers Plaza Apt. 384,Edmond,OK,73034,35.6665,-97.4798,116001,Media buyer,1993-05-10,5dfbcc55744f81f8b1c59e914c82055f,1379813118,36.524317,-96.82184,1
397066,2020-11-23 23:18:54,4972228199573984,fraud_Volkman-Predovic,shopping_net,988.52,Brian,Hogan,M,3316 Cindy Land,Lane,OK,74555,34.2691,-95.9685,861,Quantity surveyor,1960-04-08,e6ccdf5d5ad0aeec2f607404396e7d2c,1385248734,35.186202,-96.2768,1
116021,2020-08-01 01:39:41,213112402583773,fraud_Bogisich Inc,grocery_pos,119.09,Ana,Howell,F,4664 Sanchez Common Suite 930,Bradley,SC,29819,34.0326,-82.2027,1523,Research scientist (physical sciences),1984-06-03,08753bbb2ce5dbf2e4d3fd63a19c9a2e,1375321181,34.128076,-82.20705600000001,0
276891,2020-10-02 14:33:38,4099707841315751,fraud_Bogisich-Weimann,kids_pets,42.94,James,Stephens,M,1166 Castillo Mountains,Ruckersville,VA,22968,38.2586,-78.4074,9815,"Designer, ceramics/pottery",1975-07-07,87dbff96634e221ab47b1d39b78771c0,1380724418,38.504984,-78.119499,0
300362,2020-10-12 16:21:47,213186880359195,fraud_Connelly-Carter,home,76.01,Craig,Franco,M,9242 Vanessa Ramp Apt. 525,Smithfield,IL,61477,40.4855,-90.2856,631,Futures trader,1973-02-14,7d4d63136ee46402a1714ddda3488798,1381594907,40.838331,-89.31205600000001,0
244692,2020-09-18 10:51:39,4992346398065154184,fraud_Koepp-Witting,grocery_pos,162.6,Benjamin,Kim,M,920 Patrick Light,Mc Nabb,IL,61335,41.173,-89.2187,532,Audiological scientist,1956-01-09,292387af2b601b20c302df53fe13221c,1379501499,41.249772,-88.867876,0
286731,2020-10-06 10:28:19,3559160581764413,fraud_Cartwright-Harris,grocery_pos,99.41,Allen,Bell,M,70147 Amanda Fields,Saint Bonaventure,NY,14778,42.2701,-78.6847,1453,Toxicologist,1974-02-15,acd658f8ccbc5cec68b83c7d0d9dd72c,1381055299,41.629342,-78.331034,0
136086,2020-08-08 03:16:46,4476840372112,"fraud_Ferry, Lynch and Kautzer",misc_net,766.03,Steven,Walters,M,3206 Hall Divide Suite 282,Woodville,AL,35776,34.6689,-86.2296,3395,"Editor, commissioning",1979-01-21,9376217246d97b643b9da6da457bbce0,1375931806,34.445289,-86.86917700000001,1
398756,2020-11-24 14:32:07,4998109455173950,"fraud_Durgan, Gislason and Spencer",home,49.41,Mary,Pruitt,F,2819 Luke Greens Suite 563,Kansas City,MO,64114,38.9621,-94.5959,545147,Counsellor,1987-11-18,2e862ab0143a7e99cc35cca87af9dda3,1385303527,38.76197,-95.270861,0
432176,2020-12-04 23:09:22,213156747557083,fraud_Kilback and Sons,entertainment,570.37,Adam,Santos,M,725 Jo Trace Apt. 102,Glendale,CA,91206,34.1556,-118.2322,172817,Advertising account planner,1982-07-30,9fc833423b3ce359515abd1dbe9a5db5,1386198562,34.489953,-119.031236,1
183281,2020-08-24 15:42:36,6511349151405438,fraud_Kautzer and Sons,personal_care,1.67,Robert,Nguyen,M,74835 Garner Point,Ruth,NV,89319,39.3426,-114.8859,450,Interpreter,1946-08-24,70555784530f4af328bc32e8f3fd7ae1,1377358956,38.638063,-115.754934,0
403057,2020-11-26 20:35:18,180046165512893,"fraud_Johnson, Runolfsdottir and Mayer",misc_net,835.51,Erica,Walker,F,084 Holmes Avenue Suite 206,Stayton,OR,97383,44.8021,-122.7624,9587,"Engineer, biomedical",1968-03-24,735e4e15e2df7e164156e1d4c8f6c5d9,1385498118,43.922252,-122.782957,1
425124,2020-12-02 22:27:36,3588001568691267,fraud_Torphy-Goyette,shopping_pos,1318.89,Jason,Johnson,M,5942 Thomas Park,Craig,AK,99921,55.4732,-133.1171,1920,Commissioning editor,1997-06-17,2682f81f3f9e070b7abc721ca4bd5862,1386023256,54.801713,-133.669108,1
348781,2020-11-02 20:13:13,180067151859700,"fraud_Streich, Rolfson and Wilderman",kids_pets,23.43,Karen,Ryan,F,82468 Michelle Village Suite 556,Joliet,IL,60432,41.5378,-88.0572,128354,"Teacher, secondary school",1992-01-20,dbc700cc975eed4895d8874824087c86,1383423193,40.67553,-88.685066,0
381253,2020-11-16 22:59:04,6506982560413523,fraud_Mayert Group,shopping_pos,356.38,Alice,Kemp,F,057 Martinez Radial,Texarkana,AR,71854,33.431,-93.8765,36438,Surgeon,1985-04-15,19ca18b4341a5f28df0564a719fff163,1384642744,33.912444,-93.611451,0
415383,2020-11-30 21:38:56,4220345354880,"fraud_Hettinger, McCullough and Fay",home,24.66,Patrick,Torres,M,27386 Snyder Station,Oxford,MI,48371,42.8223,-83.2829,24840,Agricultural consultant,1960-01-20,ff0196711200123c6292eefcabbc4ff6,1385847536,43.557064,-82.36070600000001,0
346030,2020-11-01 22:20:54,4087542780207162,fraud_Auer-West,shopping_net,1034.69,Nicole,Dominguez,F,537 Brian Island,Guthrie,OK,73044,35.833,-97.436,20226,Retail manager,1969-11-08,4bb5ede5d664861664e5df7f973730b0,1383344454,35.837809,-97.256968,1
79441,2020-07-19 07:38:28,3564839259330465,fraud_Kerluke PLC,misc_net,282.93,Robert,Ashley,M,1250 Christopher Prairie Suite 016,Port Costa,CA,94569,38.046,-122.1866,198,Armed forces training and education officer,1959-03-31,3cb0366ebefae7c6406180311d01f21d,1374219508,38.244909,-122.531245,0
149591,2020-08-12 01:11:47,374497717543058,"fraud_Connelly, Reichert and Fritsch",gas_transport,21.36,Linda,Hurst,F,31701 Tucker Square Suite 893,Wilton,ND,58579,47.1709,-100.7944,1190,"Designer, ceramics/pottery",1948-06-30,a2396938b0ce4bf12ffe4d2e23bd29d3,1376269907,46.79071,-100.770034,1
235460,2020-09-14 09:17:26,372382441451095,"fraud_Raynor, Feest and Miller",gas_transport,51.47,Brent,Terrell,M,502 Rice Plaza Apt. 979,Port Ewen,NY,12466,41.8948,-73.9767,2471,Heritage manager,1966-01-21,391668fc5b49ada9113d650ec9dbd38d,1379150246,41.264848,-73.556438,0
216377,2020-09-06 09:02:38,2348245054386329,fraud_Kassulke Inc,entertainment,1.94,Justin,Gay,M,268 Hayes Rue Suite 811,Harborcreek,PA,16421,42.1767,-79.9416,2518,Event organiser,1946-02-02,33b66c2d06842c30ec27d42e9b76b3b6,1378458158,42.992954,-78.964637,0
11710,2020-06-24 22:30:10,180098888332620,fraud_Sawayn PLC,shopping_pos,996.31,Dennis,Davidson,M,08469 Trujillo Forge,Springville,NY,14141,42.52,-78.6847,7728,"Scientist, research (maths)",1959-03-30,5b52378eee32883f0dd60e506ac911fd,1372113010,43.110777,-78.685005,1
165889,2020-08-18 05:55:15,2356276337669917,fraud_Pacocha-O'Reilly,grocery_pos,61.13,Benjamin,Harris,M,0881 Lori Pines,Chester,MD,21619,38.9583,-76.2842,5848,Paediatric nurse,1981-02-15,fdf8e6166f8d2f50714ff2b95e780930,1376805315,39.09834,-76.43509399999999,0
330146,2020-10-25 23:12:34,675990301623,"fraud_Windler, Goodwin and Kovacek",home,112.11,Amanda,Spencer,F,6682 Green Forks,Ogdensburg,NJ,7439,41.0767,-74.5982,2456,Senior tax professional/tax inspector,1994-03-13,1f923d2768fa59b2d2602ee71f1b0f1a,1382742754,40.281046,-75.459036,0
336442,2020-10-27 22:56:55,676281772837,fraud_Predovic Inc,shopping_net,998.31,Alicia,Bishop,F,222 Freeman Islands,Whigham,GA,39897,30.8836,-84.3246,3430,"Editor, commissioning",1950-03-25,ea2a932a13b08b56db067d02387371b1,1382914615,31.774078000000003,-85.21792099999999,1
378185,2020-11-15 23:43:39,4873783502705038,"fraud_Schneider, Hayes and Nikolaus",food_dining,24.39,Elizabeth,Maxwell,F,194 Goodman Fall Apt. 569,Burlington,WA,98233,48.4786,-122.3345,14871,Public house manager,1974-03-10,eaae39acdadd3249b7ac14778166810a,1384559019,48.023491,-121.426,0
327530,2020-10-24 23:53:11,4599285557366057,"fraud_Okuneva, Schneider and Rau",shopping_pos,1252.51,Mary,Williams,F,00315 Ashley Valleys,Burrton,KS,67020,38.0261,-97.6666,1689,Gaffer,1997-11-18,0eefd12b0610c181ed68a0391e09a0b0,1382658791,37.135379,-96.667749,1
503567,2020-12-20 17:48:41,6534628260579800,fraud_Gibson-Deckow,entertainment,65.69,Christine,Harris,F,29606 Martinez Views Suite 653,Hinesburg,VT,5461,44.3346,-73.098,4542,Claims inspector/assessor,1998-03-19,4afad75c9c60b22e72714bcae14353a7,1387561721,44.986959000000006,-72.457105,0
77911,2020-07-18 18:43:58,2454076758463217,fraud_Koepp-Parker,grocery_pos,275.16,Robert,Andrade,M,27720 Martin Hills,Remer,MN,56672,47.0874,-93.9196,2097,Insurance risk surveyor,1987-10-27,6beed30795e2b445b67006f1b1fedbc4,1374173038,46.163505,-94.396501,1
417018,2020-12-01 04:10:54,213180742685905,"fraud_Kerluke, Considine and Macejkovic",misc_net,6.21,Kayla,Sutton,F,010 Weaver Land,Carlotta,CA,95528,40.507,-123.9743,1139,"Therapist, occupational",1951-01-15,d0631437b44e67ceba7a1bab83069ca7,1385871054,40.372241,-123.88825,0
126875,2020-08-04 09:00:01,3547560454237873,fraud_Brekke and Sons,gas_transport,53.34,Jerry,Robinson,M,212 Mary Stream,Arcadia,MI,49613,44.5232,-86.2061,680,"Designer, jewellery",1966-12-21,484aea26f46358f86fc219a6088f83d2,1375606801,44.025404,-85.589437,0
189523,2020-08-26 11:48:19,3563837241599446,fraud_Strosin-Cruickshank,grocery_pos,305.28,Timothy,Simmons,M,1049 John Ports Suite 057,Newberg,OR,97132,45.3099,-122.9685,28278,Research scientist (physical sciences),1977-07-17,9e25f80c09a38d18389c4a73d1ef6ab3,1377517699,45.14278,-122.940471,1
224046,2020-09-08 20:28:09,2286236465059468,fraud_Hammes-Beatty,kids_pets,69.96,Morgan,Murray,F,2788 Brittney Island,Blairstown,MO,64726,38.5319,-93.9221,467,Agricultural consultant,1950-05-27,09231ee305ff140b59d7f1370d309cdc,1378672089,37.932015,-94.617702,0
401045,2020-11-25 16:05:03,180046165512893,fraud_Goyette Inc,shopping_net,1133.52,Erica,Walker,F,084 Holmes Avenue Suite 206,Stayton,OR,97383,44.8021,-122.7624,9587,"Engineer, biomedical",1968-03-24,fe9a0c06e711803440c156f374ccc2cf,1385395503,45.519346,-121.78303,1
23255,2020-06-29 08:33:35,38057513087029,fraud_Friesen-Stamm,gas_transport,54.56,Marissa,Clark,F,2677 Byrd Village Suite 035,San Jose,CA,95148,37.3304,-121.7913,973849,Geoscientist,1997-01-18,f319076c6cf44bc946ebbfc157a0bdd9,1372494815,37.030123,-122.427136,0
187315,2020-08-25 16:34:51,4658490815480264,fraud_Hills-Witting,shopping_net,867.23,Tara,Richards,F,4879 Cristina Station,Keisterville,PA,15449,39.9636,-79.7853,184,Systems developer,1945-11-04,6db076782d1b5a176a1d23cee2944628,1377448491,40.864531,-79.657352,1
391291,2020-11-21 23:37:19,3582402971899057,fraud_Johnston-Casper,travel,10.0,Michele,Patrick,F,557 Lynn Garden Suite 907,Spirit Lake,ID,83869,47.9657,-116.868,4161,Production manager,1957-06-12,68ca217e66cb8aa81fe6707f8ec2cdfb,1385077039,47.538401,-116.523594,1
308119,2020-10-16 03:55:49,4306586894261180,fraud_Doyle Ltd,grocery_pos,292.42,Renee,Walls,F,86542 Jessica Fords Apt. 706,Veedersburg,IN,47987,40.1186,-87.2602,4049,"Development worker, community",1959-10-19,75f1fb9864a17b2213f57fb9ef312b31,1381895749,40.930538,-86.912325,1
394281,2020-11-23 02:44:39,6506116513503136,fraud_Block Group,misc_pos,2.65,Kimberly,Rice,F,63991 Destiny Rue Apt. 651,Tyler,TX,75703,32.2768,-95.3031,144160,Sports development officer,1984-05-04,a5f4ff74593e268b5a7b03791f9cbc93,1385174679,32.399967,-95.971186,0
466344,2020-12-12 14:31:37,4607072969078276,"fraud_O'Reilly, Mohr and Purdy",home,236.42,Brenda,Perez,F,033 Tara Brook Suite 523,Coyle,OK,73027,35.8985,-97.2607,1493,Amenity horticulturist,1985-03-21,c47871718bf732766cf638b1068bd9ab,1386858697,35.306471,-97.40572,1
121752,2020-08-03 00:42:24,4653879239169997,"fraud_Rohan, White and Aufderhar",misc_net,989.83,Monica,Tucker,F,302 Christina Islands,Smiths Grove,KY,42171,37.0581,-86.1938,6841,"Therapist, sports",1999-06-06,fa320a6a33fd5459d374da96e47791b3,1375490544,37.792589,-85.244334,1
425162,2020-12-02 22:40:11,3588001568691267,fraud_Fisher-Schowalter,shopping_net,984.28,Jason,Johnson,M,5942 Thomas Park,Craig,AK,99921,55.4732,-133.1171,1920,Commissioning editor,1997-06-17,7a7f30f2ac59399e4d15d1d59ee5389c,1386024011,54.605711,-133.23598,1
213745,2020-09-05 01:06:29,4904681492230012,"fraud_Altenwerth, Cartwright and Koss",shopping_net,971.34,Lisa,Lowe,F,574 David Locks Suite 207,Cottekill,NY,12419,41.8467,-74.1038,722,Comptroller,1990-10-19,e659522725fd4367196e3a15bbff92ee,1378343189,42.413119,-73.73496999999999,1
459930,2020-12-10 20:06:52,675990301623,"fraud_Daugherty, Pouros and Beahan",shopping_pos,4.1,Amanda,Spencer,F,6682 Green Forks,Ogdensburg,NJ,7439,41.0767,-74.5982,2456,Senior tax professional/tax inspector,1994-03-13,34ecc88d2bea1ca8daf3386a913f0a83,1386706012,41.852571000000005,-74.451757,0
38451,2020-07-04 23:01:40,372509258176510,"fraud_Okuneva, Schneider and Rau",shopping_pos,1.68,Kristen,Hanson,F,26544 Andrea Glen,Goodrich,MI,48438,42.9147,-83.4845,6951,Learning disability nurse,1985-06-18,894ac6e9688483f064e00762b04422f2,1372978900,43.519957,-83.285512,0
81775,2020-07-19 22:38:32,375534208663984,"fraud_Reichert, Shanahan and Hayes",shopping_net,1000.47,Tyler,Garcia,M,408 Bradley Rest,Doe Hill,VA,24433,38.4207,-79.4629,99,Dance movement psychotherapist,1986-03-28,8a449d7fd31a1bed7ea3d727aa4df4a6,1374273512,38.442526,-78.556268,1
283644,2020-10-05 11:31:55,30011465039817,fraud_Kuhic LLC,shopping_net,940.79,Lisa,Garcia,F,213 Gill Expressway,Chatham,NY,12037,42.3496,-73.5873,4015,Human resources officer,1971-10-14,065591b986e32545dc57246dd9d597c0,1380972715,42.638099,-73.323273,1
261643,2020-09-25 22:09:30,2286236465059468,fraud_Hills-Witting,shopping_net,911.81,Morgan,Murray,F,2788 Brittney Island,Blairstown,MO,64726,38.5319,-93.9221,467,Agricultural consultant,1950-05-27,0622633ab12ee824b47b2d682ca9c1a4,1380146970,38.307229,-94.022198,1
306208,2020-10-15 00:20:49,3501942333500073,"fraud_Johnson, Runolfsdottir and Mayer",misc_net,870.55,Lori,Bishop,F,08056 Alvarado Club Suite 699,Phoenix,AZ,85086,33.8155,-112.1202,1312922,Counselling psychologist,1999-11-30,e763fb881c5ccda9c0bb3ddeca9d1e10,1381796449,32.975568,-112.378563,1
266349,2020-09-27 23:18:59,6593939509150446,fraud_Bins-Howell,personal_care,22.16,Margaret,Ward,F,244 Jeffery Rapids,Azusa,CA,91702,34.1248,-117.9031,59705,Civil Service fast streamer,1983-06-23,9812da36325a1deb2b8a62b404ae9e63,1380323939,33.845292,-118.698142,1
306215,2020-10-15 00:36:48,3501942333500073,fraud_Kiehn Inc,grocery_pos,290.0,Lori,Bishop,F,08056 Alvarado Club Suite 699,Phoenix,AZ,85086,33.8155,-112.1202,1312922,Counselling psychologist,1999-11-30,8be2042471fea0c78a2fff880b18e9c9,1381797408,33.147451000000004,-113.09476399999998,1
152435,2020-08-13 14:27:13,3583793405872580,"fraud_Effertz, Welch and Schowalter",entertainment,498.01,Beth,Lambert,F,6447 Johnson Estates Apt. 986,Roosevelt,OK,73564,34.847,-98.9836,551,Amenity horticulturist,1970-09-27,fab4f61a3bc05930e50957d8efc09893,1376404033,34.183741999999995,-98.094721,1
494433,2020-12-18 15:01:07,2229378226512508,"fraud_Schuppe, Nolan and Hoeger",shopping_pos,113.59,Thomas,Hale,M,949 Smith Parkway,Cazenovia,WI,53924,43.4987,-90.2796,1360,Occupational hygienist,1984-11-06,c422ee623f569c19e2259fe7540cf3b0,1387378867,43.993903,-91.128534,0
428564,2020-12-03 23:34:35,3590736522064285,"fraud_Gottlieb, Considine and Schultz",shopping_net,2.13,Kimberly,Gonzalez,F,72966 Shannon Pass Apt. 391,Bauxite,AR,72011,34.5091,-92.4828,4074,"Scientist, audiological",1975-12-20,2fb87b8856402a832ea0210a50ce6184,1386113675,34.276135,-91.525931,0
215019,2020-09-05 18:12:51,3543591270174051,fraud_Schimmel-Olson,kids_pets,174.69,Margaret,Lam,F,6911 Nicholas Keys Apt. 237,Armagh,PA,15920,40.4603,-79.0097,922,Early years teacher,1972-10-04,5c1a9cfc12e4f2ef31067e3004f34445,1378404771,40.555063,-79.550009,0
370377,2020-11-12 03:15:44,30242921189660,fraud_Kuvalis Ltd,gas_transport,23.69,Dalton,Jones,M,3304 Hernandez Run,Afton,MI,49705,45.3637,-84.4695,937,Technical brewer,1958-04-06,d59a8794152ba54f2b5c431b6c36e3ba,1384226144,44.385482,-83.694248,1
105468,2020-07-27 22:00:28,2222157926772399,fraud_Kilback and Sons,entertainment,557.46,Amy,Garrett,F,6014 Thomas Throughway,Trenton,TX,75490,33.4235,-96.3398,2211,"Investment banker, operational",1987-02-26,00baae1ac0c17ba62188c656dcdd81a9,1374962428,33.489518,-96.50862,1
371496,2020-11-12 20:11:06,6554245334757802,"fraud_Nienow, Barrows and Romaguera",personal_care,30.02,Monique,Robinson,F,07712 Marcus Divide Apt. 831,Laguna Hills,CA,92637,33.615,-117.7114,45303,Sales executive,1969-12-22,3c5813982b0d35b063640978890f9111,1384287066,32.685489000000004,-117.546801,0
179252,2020-08-23 13:50:09,4973530368125489546,fraud_Kirlin and Sons,personal_care,6.73,Mary,Rodriguez,F,8986 Fitzgerald Plains,Winslow,AR,72959,35.8312,-94.1187,2786,Musician,1965-09-27,391071f31169c78a456beeb025c81e54,1377265809,36.708898,-93.214861,0
391228,2020-11-21 22:52:10,2450829271795901,"fraud_Fadel, Mertz and Rippin",entertainment,54.16,Timothy,Kirby,M,7309 Sophia Causeway Suite 702,Sauk Rapids,MN,56379,45.604,-94.1591,16163,Hydrographic surveyor,1987-02-22,cf2fa3c02afaaa23be0db2a15cc97f4e,1385074330,45.227085,-93.960852,0
357473,2020-11-06 23:42:18,30491348102802,fraud_Rempel Inc,shopping_net,1135.07,Tommy,Dixon,M,8829 Steele Station,Dresden,KS,67635,39.6094,-100.4112,169,"Librarian, public",1953-07-30,3d0c01a74bae20c2dbde3cc62eaf734a,1383781338,40.185567,-99.583982,1
481413,2020-12-15 08:05:19,2512312531485080,fraud_Harber Inc,gas_transport,57.67,John,Mccormick,M,79414 Clark Lakes Suite 966,Warren,MI,48088,42.5164,-82.9832,134056,"Producer, radio",1956-10-08,09e604c8b6604216df78f8399f5b61da,1387094719,43.485048,-83.63351899999999,0
346389,2020-11-02 01:15:47,4244953610136705533,fraud_Bogisich Inc,grocery_pos,342.3,Christopher,Odom,M,81446 Nicole Highway Apt. 874,Richland,NJ,8350,39.485,-74.8776,825,Licensed conveyancer,1991-07-06,08793b0b660fa325850f4322131f7e22,1383354947,40.294581,-75.822236,1
258453,2020-09-24 03:36:13,30270432095985,"fraud_Osinski, Ledner and Leuschke",grocery_pos,340.71,Lisa,Lin,F,908 Brooks Brook,Lomax,IL,61454,40.6761,-91.0391,725,Environmental consultant,1972-11-28,8c2f2061c8bb41efbcd522e6f4715b5e,1379993773,40.07549,-90.932026,1
401582,2020-11-25 22:54:50,180046165512893,fraud_Rau-Grant,kids_pets,17.15,Erica,Walker,F,084 Holmes Avenue Suite 206,Stayton,OR,97383,44.8021,-122.7624,9587,"Engineer, biomedical",1968-03-24,8686fe5a238c06e1ad468765baffa9cb,1385420090,44.758049,-122.036989,1
377814,2020-11-15 21:00:42,378006354724784,"fraud_Huel, Hammes and Witting",grocery_pos,294.02,Christopher,Matthews,M,433 John Heights Apt. 849,Etlan,VA,22719,38.5095,-78.2638,395,Senior tax professional/tax inspector,1982-01-07,962b015e524271241a5bcd6916767ffb,1384549242,37.764211,-77.80959,1
233297,2020-09-13 15:14:44,38199021865320,fraud_Skiles LLC,home,80.78,Jesse,Roberts,M,8415 Vaughn Squares Apt. 788,Acworth,NH,3601,43.196000000000005,-72.3001,477,Naval architect,1988-04-15,2d36f386b7d23fd70f4465deae35622d,1379085284,43.874277,-71.88483000000001,0
514282,2020-12-22 12:32:49,3541160328600277,fraud_Carroll PLC,health_fitness,112.45,Jason,Singh,M,4720 Anna Ways,Murrayville,IL,62668,39.5723,-90.2379,1512,Commercial/residential surveyor,2003-05-07,a64195d088cf62722b9052394612e098,1387715569,39.443438,-90.523445,0
333143,2020-10-26 21:53:10,573283817795,fraud_Terry-Huel,shopping_net,1021.41,Amy,Flynn,F,46095 Tara Fords,Jaffrey,NH,3452,42.8178,-72.0275,5457,"Surveyor, hydrographic",1950-04-17,900c7e0cb0dd575f086dc1be877ace07,1382824390,42.727608,-71.228415,1
39766,2020-07-05 10:31:26,4079773899158,fraud_Schamberger-O'Keefe,grocery_pos,148.07,Eric,Preston,M,7020 Doyle Stream Apt. 951,Mesa,ID,83643,44.6255,-116.4493,129,Cartographer,1965-12-15,e432d11f8daef2d8dea89b9ed122eb5d,1373020286,45.588689,-117.039698,0
167875,2020-08-18 18:24:34,213112402583773,fraud_Kovacek Ltd,travel,10.23,Ana,Howell,F,4664 Sanchez Common Suite 930,Bradley,SC,29819,34.0326,-82.2027,1523,Research scientist (physical sciences),1984-06-03,3a19fe44bfdf260f630d0ad080015270,1376850274,33.206609,-81.49289300000001,1
259802,2020-09-24 22:37:44,30270432095985,fraud_Morissette PLC,shopping_pos,1052.9,Lisa,Lin,F,908 Brooks Brook,Lomax,IL,61454,40.6761,-91.0391,725,Environmental consultant,1972-11-28,81fcbc2c6dc202658afa67dfb5a54986,1380062264,41.419683,-91.67608,1
90156,2020-07-22 03:11:26,4195740185974,"fraud_Connelly, Reichert and Fritsch",gas_transport,8.2,Benjamin,Robinson,M,0701 John Ranch,Portland,OR,97210,45.5303,-122.7033,841711,"Engineer, building services",1963-04-04,069c9549a8384f758c5d2a83299c7b1a,1374462686,45.125215,-123.364694,1
441438,2020-12-06 23:45:11,374656033243756,fraud_Thiel PLC,misc_pos,34.0,David,Lewis,M,1499 Michael Rue,Arlington,VA,22213,38.8954,-77.1633,207410,Mudlogger,1984-07-03,aa1d613d048a553beb28a80c8c86242c,1386373511,39.132048,-78.033671,0
281738,2020-10-04 18:49:00,3585052663373890,"fraud_Kihn, Abernathy and Douglas",shopping_net,991.94,Jeffery,Brown,M,296 Maria Street,West Eaton,NY,13484,42.8546,-75.6605,176,Science writer,1963-12-28,1afa9c6da68418df4bed566be58b0c8f,1380912540,43.779972,-75.620207,1
86938,2020-07-21 06:40:02,4067137330196900,fraud_Rutherford-Mertz,grocery_pos,137.36,Christina,Eaton,F,3256 Brooks Field,Eldridge,AL,35554,33.9315,-87.6194,1186,Politician's assistant,1986-11-12,3a7de426eb4cf3ccde599da154dabf51,1374388802,33.986862,-87.677749,0
11669,2020-06-24 22:07:11,180098888332620,fraud_Bednar Group,misc_net,723.23,Dennis,Davidson,M,08469 Trujillo Forge,Springville,NY,14141,42.52,-78.6847,7728,"Scientist, research (maths)",1959-03-30,16aee906e2a1167ab8c20770a5b7cf79,1372111631,41.673916,-78.922416,1
403183,2020-11-26 22:23:45,180046165512893,"fraud_Altenwerth, Cartwright and Koss",shopping_net,797.76,Erica,Walker,F,084 Holmes Avenue Suite 206,Stayton,OR,97383,44.8021,-122.7624,9587,"Engineer, biomedical",1968-03-24,a94c370fbbf4980876b5bf0dea5340d4,1385504625,45.002462,-122.696088,1
301636,2020-10-13 00:16:45,4334230547694630,"fraud_Bins, Balistreri and Beatty",shopping_pos,1.15,Scott,Martin,M,7483 Navarro Flats,Freedom,WY,83120,43.0172,-111.0292,471,"Education officer, museum",1967-08-02,37daaf0f0b80544411b5abc3d9cde521,1381623405,42.375586,-110.227872,0
86124,2020-07-21 00:31:55,4874017206859125,"fraud_Koss, McLaughlin and Mayer",food_dining,118.54,Lauren,Williams,F,065 Jones Stravenue,Lake Oswego,OR,97034,45.4093,-122.6847,42817,Planning and development surveyor,1982-05-28,05f1169b0df305901dfe121ef8adc380,1374366715,45.410675,-123.397432,1
32830,2020-07-02 13:03:23,4904681492230012,fraud_Pagac LLC,shopping_pos,8.14,Lisa,Lowe,F,574 David Locks Suite 207,Cottekill,NY,12419,41.8467,-74.1038,722,Comptroller,1990-10-19,98f764d02c83e472acc67d1829a6a5e6,1372770203,42.62914,-74.93267900000001,0
243667,2020-09-17 19:46:28,4512828414983801773,"fraud_Willms, Kris and Bergnaum",shopping_pos,5.65,Monica,Cohen,F,864 Reynolds Plains,Uledi,PA,15484,39.8936,-79.7856,328,Tree surgeon,1983-07-25,95a4b6a51d82603d4752c2ae88b06c43,1379447188,39.221102,-78.908262,0
71491,2020-07-15 19:33:45,372509258176510,"fraud_Douglas, Schneider and Turner",shopping_pos,34.2,Kristen,Hanson,F,26544 Andrea Glen,Goodrich,MI,48438,42.9147,-83.4845,6951,Learning disability nurse,1985-06-18,19ee0d80134fbc2ea720716592ae9da0,1373916825,43.515126,-84.356549,0
81835,2020-07-19 23:01:40,2454076758463217,fraud_Erdman-Ebert,personal_care,22.66,Robert,Andrade,M,27720 Martin Hills,Remer,MN,56672,47.0874,-93.9196,2097,Insurance risk surveyor,1987-10-27,2a6ccf783ea7c6ccbc9c43112ff86860,1374274900,46.385726,-93.212891,1
133665,2020-08-07 02:27:45,30199621383748,fraud_Rutherford-Mertz,grocery_pos,362.44,Theresa,Powell,F,117 Natasha Vista Suite 936,Leonard,TX,75452,33.4044,-96.2238,4090,Sub,1977-03-23,17b9a97dd981d8ee630348ec0a857877,1375842465,33.854298,-96.6206,1
149204,2020-08-11 22:27:32,343746486082492,"fraud_Goyette, Howell and Collier",shopping_pos,736.46,Jeffrey,Munoz,M,836 Stephanie Union,Cedar,MI,49621,44.8605,-85.8138,3096,"Social research officer, government",1975-10-11,65b3114324ad0fa5677c6e82187ef46f,1376260052,45.549899,-85.355982,1
291581,2020-10-08 20:46:47,4178097073221156,"fraud_Nitzsche, Kessler and Wolff",shopping_pos,34.76,Jill,Flores,F,639 Cruz Islands,Baroda,MI,49101,41.9488,-86.4913,3104,"Horticulturist, commercial",1981-03-29,cd8c89a1691abe69a817d58ec512e204,1381265207,41.826827,-86.707615,0
135973,2020-08-08 02:02:02,376445266762684,"fraud_Stanton, Jakubowski and Baumbach",shopping_net,1107.33,Rachel,Lowe,F,372 Jeffrey Course,Sutherland,NE,69165,41.1558,-101.136,1789,Insurance broker,1982-02-11,563f710e03fe0a2e06eebeb46307bbaf,1375927322,40.427648,-100.746378,1
189234,2020-08-26 07:13:37,583699482621,fraud_Miller-Hauck,grocery_pos,305.1,Jennifer,Jones,F,5572 Kelly Plains Apt. 952,Waupaca,WI,54981,44.3481,-89.1101,15426,"Engineer, civil (contracting)",1936-07-22,e78ebcdc665910df5be5b25884ad8bf6,1377501217,44.992904,-89.951075,1
425171,2020-12-02 22:43:08,30266994494236,"fraud_Quitzon, Green and Bashirian",shopping_pos,918.2,Sarah,Foster,F,77872 Andrea Glen Apt. 543,Ford,VA,23850,37.1349,-77.7364,1051,Chief Operating Officer,1976-11-21,641cbe2ca6b51270a77be0b80ae5a275,1386024188,36.836519,-77.71658199999999,1
471802,2020-12-13 18:03:28,501802953619,fraud_Romaguera Ltd,health_fitness,27.18,Robert,Flores,M,3277 Fields Meadows Apt. 790,Greenview,CA,96037,41.5403,-122.9366,308,Call centre manager,1958-09-20,e22b8df316219958e05fdfbfad824e6b,1386957808,41.218111,-122.225854,0
297672,2020-10-11 19:11:21,4839615922685395,fraud_Jacobi Inc,health_fitness,28.91,Phillip,Robertson,M,85344 Smith Gateway Apt. 280,Harrodsburg,IN,47434,39.013000000000005,-86.5457,76,Social researcher,1955-05-06,342b12e6cab364a54852e043f936a697,1381518681,38.460475,-87.20546999999999,0
234390,2020-09-13 23:06:18,6506116513503136,fraud_Padberg-Sauer,home,13.62,Kimberly,Rice,F,63991 Destiny Rue Apt. 651,Tyler,TX,75703,32.2768,-95.3031,144160,Sports development officer,1984-05-04,f9a22cc54c35f44be7aa116d21b37a75,1379113578,32.028547,-94.888215,0
195661,2020-08-29 09:47:04,630451534402,"fraud_Casper, Hand and Zulauf",grocery_pos,90.74,Rachel,Daniels,F,561 Little Plain Apt. 738,Wetmore,MI,49895,46.3535,-86.6345,765,Immunologist,1972-06-12,9f092282ffa9e8a4cca145ee8e10fb2e,1377769624,47.128847,-87.53546700000001,0
298808,2020-10-12 03:37:33,38530489946071,"fraud_Bahringer, Schoen and Corkery",shopping_pos,1111.57,Laura,Johns,F,95835 Garcia Rue,Arcadia,SC,29320,34.9572,-81.9916,530,Animal technologist,1989-05-14,f9fe12f5550573319e62d47e21692d3a,1381549053,35.110485,-81.136,1
250690,2020-09-21 01:38:35,4170689372027579,fraud_Bernhard Inc,gas_transport,7.98,Samuel,Frey,M,830 Myers Plaza Apt. 384,Edmond,OK,73034,35.6665,-97.4798,116001,Media buyer,1993-05-10,29aacd807ec15862cae8941bf11384bc,1379727515,34.909326,-97.858599,1
91393,2020-07-22 19:46:14,4797297220948468262,"fraud_Kling, Howe and Schneider",home,258.3,Erica,Briggs,F,3310 Davidson Spurs Apt. 107,Oolitic,IN,47451,38.8938,-86.5246,1228,Counsellor,1991-03-13,36cb3ea22581db131ac57dc165e76a1c,1374522374,39.609781,-87.062331,1
377958,2020-11-15 22:05:09,4364010865167176,"fraud_Bins, Balistreri and Beatty",shopping_pos,1.22,Gary,Martinez,M,03512 Jackson Ports,Reno,NV,89512,39.5483,-119.7957,276896,Immunologist,1997-03-12,9733225b8e2fc1b0760fa12b017558b1,1384553109,39.316931,-120.209825,0
330022,2020-10-25 22:23:29,4599285557366057,"fraud_Hoppe, Harris and Bednar",entertainment,386.54,Mary,Williams,F,00315 Ashley Valleys,Burrton,KS,67020,38.0261,-97.6666,1689,Gaffer,1997-11-18,115a0816f262c5b0466229deada5004a,1382739809,37.042183,-97.994084,1
387910,2020-11-20 03:57:59,30235268718158,fraud_Bradtke PLC,grocery_pos,290.52,Kenneth,Doyle,M,8614 Reed Glen,West Harrison,NY,10604,41.0592,-73.7395,11250,Lexicographer,1977-08-16,f5e2d88f78f128e1f541ff95c06982d5,1384919879,40.406648,-73.400131,1
181509,2020-08-24 03:51:03,3501365119557234,fraud_Luettgen PLC,gas_transport,17.8,Danielle,Allen,F,87198 Macias Drive Suite 389,Loving,NM,88256,32.274,-104.0914,1925,Educational psychologist,1952-05-26,5a12c5aedfa7950bf3fce628228bf9da,1377316263,31.97213,-104.542286,1
474666,2020-12-14 05:46:20,30026790933302,fraud_Kunze Inc,grocery_pos,110.35,John,Peters,M,555 Michael Burgs,Mayersville,MS,39113,32.9013,-91.0286,595,Technical brewer,1979-09-03,1a7dba888cd0d76e85097bd7598fe1cf,1386999980,32.721187,-91.2185,0
86348,2020-07-21 02:23:10,4797297220948468262,"fraud_Raynor, Reinger and Hagenes",gas_transport,10.86,Erica,Briggs,F,3310 Davidson Spurs Apt. 107,Oolitic,IN,47451,38.8938,-86.5246,1228,Counsellor,1991-03-13,1f4186d167468fe5df63857ab965d1aa,1374373390,39.017017,-86.076657,1
336763,2020-10-28 03:03:36,3577578023716568,fraud_Goodwin-Nitzsche,grocery_pos,319.52,Debbie,Hughes,F,0182 Owens Burgs Suite 480,Diamond,OH,44412,41.0935,-81.0425,2644,"Engineer, biomedical",1983-08-25,435e7576db6665fdf4316d7784e73051,1382929416,41.9074,-81.720199,1
461106,2020-12-11 03:52:05,4560395181594436016,"fraud_Bahringer, Schoen and Corkery",shopping_pos,770.65,Angela,Taylor,F,6343 Ramirez Skyway Apt. 518,Lakeport,CA,95453,39.047,-122.9328,11256,Podiatrist,1972-10-18,65c4a80dabf9b440e884713d7dd79c30,1386733925,39.721476,-122.611438,1
60928,2020-07-12 16:48:33,4503101193493052864,fraud_Ratke and Sons,health_fitness,39.56,Katherine,Tucker,F,670 Le Meadows Suite 250,Lakeland,FL,33811,27.9865,-82.0139,237282,Clothing/textile technologist,1979-07-03,85fbecb95fdb257b8dd6e55678dd2dfb,1373647713,28.74928,-81.142843,0
455285,2020-12-09 11:15:25,4509142395811241,fraud_Denesik and Sons,shopping_pos,4.12,Margaret,Williams,F,165 Jerry Meadows Suite 460,Surrency,GA,31563,31.6489,-82.1982,1324,"Engineer, technical sales",1926-07-12,274c1cb12e3e2759d695dbf537268e2e,1386587725,31.086402000000003,-82.221623,0
96146,2020-07-24 23:21:29,4961003488432306,fraud_Feil-Morar,health_fitness,16.91,Stacy,Walsh,F,324 Donna Ridge Suite 651,Cressona,PA,17929,40.6284,-76.195,1606,Ecologist,1966-05-10,1924cd8dd1a5efb45fa5bc91e705b1f1,1374708089,39.834186,-76.962618,1
101349,2020-07-26 20:55:33,3575540972310993,"fraud_Swaniawski, Lowe and Robel",shopping_pos,6.12,Rachel,Villarreal,F,250 Carrie Throughway,University,MS,38677,34.3396,-89.5736,4198,Curator,2001-06-22,84f32c7d57b96c42ed7eb685910ff876,1374872133,34.666605,-88.928619,0
338137,2020-10-28 23:44:39,4670613943676271,fraud_Pollich LLC,home,3.82,Bianca,Novak,F,0953 David Skyway,Cuthbert,GA,39840,31.7706,-84.7936,5726,Fitness centre manager,1947-08-14,53bc381af099a0127ae0cdc605b3dd94,1383003879,32.600604,-85.646415,0
275625,2020-10-01 20:51:39,3576144910346950,fraud_Bauch-Blanda,entertainment,93.32,Thomas,Payne,M,9455 Kathleen Brook Apt. 651,Huslia,AK,99746,65.6899,-156.292,277,"Engineer, civil (consulting)",1965-11-06,b4870c804e620e0742f3a94ccdeca4c9,1380660699,65.325688,-156.677523,0
365622,2020-11-10 01:11:32,374930071163758,fraud_Rowe-Vandervort,grocery_net,71.85,Daniel,Escobar,M,61390 Hayes Port,Romulus,MI,48174,42.2203,-83.3583,31515,Police officer,1971-11-05,2b9bb89fdd33fc4dedc8e478d9183387,1384045892,41.989771000000005,-82.901656,0
501918,2020-12-20 11:49:23,4239436242473,"fraud_Moen, Reinger and Murphy",grocery_pos,29.68,James,Leon,M,826 Benjamin Stravenue,Alexandria,VA,22311,38.832,-77.12,321490,"Scientist, biomedical",1991-10-04,27578453daafd10a4368e352c521bb8e,1387540163,39.159598,-77.178348,0
456681,2020-12-09 20:51:24,630484879808,"fraud_Hoppe, Harris and Bednar",entertainment,82.11,Ian,Patton,M,8088 Sherman Radial Suite 689,Helm,CA,93627,36.4992,-120.0936,123,Early years teacher,1973-02-07,60d4f2ea8bdcb48f1ebe0b49027776f9,1386622284,37.316782,-120.029376,0
218787,2020-09-07 05:14:54,4223708906367574214,fraud_DuBuque LLC,grocery_pos,102.41,Adam,Riddle,M,27718 Mason Bypass,Mount Saint Joseph,OH,45051,39.0965,-84.6431,177,Exhibition designer,1974-05-30,5cea934f80250ce3e40c735fc0464e97,1378530894,38.721931,-84.87129,0
354134,2020-11-05 01:46:06,370612217861404,"fraud_Rodriguez, Yost and Jenkins",misc_net,813.05,Amanda,Fitzgerald,F,298 Kayla Lights,Bristol,PA,19007,40.1159,-74.8536,21125,"Administrator, charities/voluntary organisations",1985-05-25,399fd562cb90621f4d1ba2dc9b7c6368,1383615966,39.347848,-75.79978,1
333532,2020-10-27 00:22:22,573283817795,fraud_Hackett-Lueilwitz,grocery_pos,284.76,Amy,Flynn,F,46095 Tara Fords,Jaffrey,NH,3452,42.8178,-72.0275,5457,"Surveyor, hydrographic",1950-04-17,40776399528742b564e774d4819bca7e,1382833342,43.203852000000005,-71.07347,1
231616,2020-09-12 23:03:32,213161293389774,"fraud_Heathcote, Yost and Kertzmann",shopping_net,1062.27,Catherine,Weber,F,74890 Rodriguez Springs Apt. 540,West Henrietta,NY,14586,43.0397,-77.6871,10256,"Teacher, primary school",1968-06-24,b8065c4ef8666a05158ef8bb373f976f,1379027012,43.102864,-77.87945500000001,1
122149,2020-08-03 03:49:18,2358122155477959,fraud_Hills-Olson,grocery_net,9.69,Mike,Tran,M,17355 Mendoza Bypass Suite 059,Linthicum Heights,MD,21090,39.2092,-76.6681,9784,"Conservator, furniture",1924-10-30,05c58f4cc15ecc450c646f6ebb9d8f5b,1375501758,39.048537,-76.47884599999999,1
476029,2020-12-14 12:07:49,2222001896600109,fraud_Connelly-Carter,home,2.92,Susan,Hernandez,F,2193 Osborne Run Apt. 789,Moro,IL,62067,38.9318,-89.9618,2401,"Buyer, industrial",1972-01-03,3fcfb8603937c3fc10a35a80c7cae2fa,1387022869,39.253724,-90.343065,0
90132,2020-07-22 02:39:51,4797297220948468262,fraud_Torp-Labadie,gas_transport,8.81,Erica,Briggs,F,3310 Davidson Spurs Apt. 107,Oolitic,IN,47451,38.8938,-86.5246,1228,Counsellor,1991-03-13,d94b12b3e7c8785ac97a790a24091974,1374460791,39.429037,-87.423242,1
291823,2020-10-08 23:43:26,6597248210463122,fraud_Schumm PLC,shopping_net,1012.1,Kyle,Wright,M,610 Samantha Park Suite 149,Whittemore,IA,50598,43.0261,-94.4064,912,Optometrist,1968-05-16,51bb0d742b59177867a9b012fac80f1b,1381275806,43.305787,-95.384359,1
285363,2020-10-05 22:10:28,2297447006766555,fraud_Mohr-Bayer,shopping_net,1004.81,Laura,Walker,F,611 Michael Rue,Cisco,IL,61830,39.9972,-88.6962,478,Landscape architect,1960-01-13,b58a09549e6b8396ecd7b30304a6bd21,1381011028,40.549337,-87.73003100000001,1
261829,2020-09-26 00:24:21,4646845581490336108,fraud_Christiansen-Gusikowski,misc_pos,8.57,Julia,Bell,F,576 House Crossroad,West Sayville,NY,11796,40.732,-73.1,4056,Film/video editor,1990-06-25,34f31096f3eb3543355af42435ca8b51,1380155061,40.594429,-73.18288100000001,1
310718,2020-10-17 13:41:42,30407675418785,"fraud_Roberts, Daniel and Macejkovic",kids_pets,39.49,Danielle,Evans,F,76752 David Lodge Apt. 064,Breesport,NY,14816,42.1939,-76.7361,520,Psychotherapist,1991-10-13,919cbe16add79a897fd22dcda52dbd29,1382017302,42.070171,-76.249309,0
73095,2020-07-16 16:05:15,346273234529002,"fraud_Greenholt, O'Hara and Balistreri",shopping_net,9.38,Donna,Moreno,F,32301 Albert River Suite 364,Ronceverte,WV,24970,37.7418,-80.4626,4575,Statistician,1991-10-22,0782b0ec2aea2fa29251e53014f20393,1373990715,37.964515000000006,-80.210832,0
96733,2020-07-25 06:58:30,30199621383748,fraud_Hamill-Daugherty,misc_net,6.9,Theresa,Powell,F,117 Natasha Vista Suite 936,Leonard,TX,75452,33.4044,-96.2238,4090,Sub,1977-03-23,195574cdb1952636cc94fba1217d11aa,1374735510,33.531923,-96.426559,0
130108,2020-08-05 09:27:04,348253506557335,fraud_Stracke-Lemke,grocery_pos,321.55,Thomas,Gibson,M,32745 Silva Springs Suite 040,Grand Bay,AL,36541,30.4983,-88.3282,15647,Armed forces logistics/support/administrative officer,1948-03-22,03d515ab9aa23f4253609b7c2a7d3a56,1375694824,31.256102,-88.48709699999999,1
89926,2020-07-21 23:49:05,4225990116481262579,fraud_Durgan-Auer,misc_net,784.55,Brian,Simpson,M,2711 Duran Pines,Honokaa,HI,96727,20.0827,-155.488,4878,Physiotherapist,1966-12-03,d5aea7ebde800a5b031219eab8d66719,1374450545,20.022969,-155.387994,1
520922,2020-12-24 01:34:16,213155997615567,"fraud_Greenholt, O'Hara and Balistreri",shopping_net,78.81,James,Yoder,M,83359 Lopez Point,Clune,PA,15727,40.5503,-79.3237,168,Race relations officer,1978-10-04,649b7c501ad741bf736e2986cd70a840,1387848856,41.441084,-80.203874,0
213070,2020-09-04 17:53:37,3550412175018089,fraud_Mayert Group,shopping_pos,969.74,Morgan,James,F,742 Sellers Ferry,Lexington,KY,40502,38.0174,-84.4854,296965,Software engineer,1962-12-30,b57c3ee651ac959691ade13a97ff2222,1378317217,37.799102000000005,-84.351236,1
535680,2020-12-27 19:54:16,3598215285024754,fraud_Ernser-Feest,home,120.92,Ashley,Lopez,F,9333 Valentine Point,Bellmore,NY,11710,40.6729,-73.5365,34496,"Librarian, public",1970-10-21,3436108746b3bc41bf7f99b1b44cf9f0,1388174056,39.926208,-74.278728,0
56543,2020-07-11 01:33:31,6011399591920186,fraud_Bogisich Inc,grocery_pos,378.56,Maria,Roy,F,58665 Nicholas Ford Suite 348,Sheffield,MA,1257,42.1001,-73.3611,2121,Radio producer,1973-10-14,b351d476de9ae329d2f093ee840b46c7,1373506411,41.49615,-73.174983,1
193206,2020-08-28 07:22:11,571365235126,fraud_Rau and Sons,grocery_pos,85.96,Barbara,Taylor,F,0069 Robin Brooks Apt. 695,Elberta,MI,49628,44.5995,-86.2141,372,"Exhibitions officer, museum/gallery",1995-07-12,d575c7818f06a7e450b4304e35773b10,1377674531,45.482816,-86.792958,0
7888,2020-06-23 13:34:38,4383521454815,"fraud_Hagenes, Kohler and Hoppe",food_dining,23.8,John,Robertson,M,209 Austin Stream Apt. 231,Indianapolis,IN,46290,39.9347,-86.1633,910148,Academic librarian,1987-09-22,5a6e8ea901ad322d3be8310d72806303,1371994478,39.19385,-86.194744,0
237592,2020-09-14 23:00:16,4586260469584,fraud_DuBuque LLC,grocery_pos,305.08,Melody,Thompson,F,0362 Anderson Wall,Mound City,MO,64470,40.1362,-95.2138,1631,Architect,1953-01-20,a8a1f104a4a2865d1f6c1d51603668d6,1379199616,39.744929,-94.857133,1
82009,2020-07-20 00:06:38,2268221587779419,"fraud_Towne, Greenholt and Koepp",shopping_net,967.39,Peggy,Berry,F,517 Vasquez Lodge,Vancouver,WA,98665,45.6892,-122.6616,299480,Teaching laboratory technician,1985-01-02,afe3b8a3dd4e23951963ffcfa5f6668f,1374278798,46.221079,-123.626395,1
384139,2020-11-17 21:30:53,4997733566924489,fraud_Pouros-Conroy,shopping_pos,2.11,Stephanie,Taylor,F,598 Martin Pine Suite 365,Saint Paul,MN,55128,44.9913,-92.9487,753116,Fisheries officer,1971-08-06,1e43f3a9fa6b75eefd259b25e5b46ef4,1384723853,45.891339,-92.651812,0
285936,2020-10-06 02:42:03,4169388510116,fraud_Marks Inc,gas_transport,55.78,Marcia,Molina,F,6744 Jimmy Extensions,Port Gibson,NY,14537,43.033,-77.1575,207,Database administrator,1962-09-27,de09d6a6914527708951b9f5d2550110,1381027323,43.843813,-77.945815,0
518909,2020-12-23 10:53:15,503848303379,fraud_Sporer Inc,gas_transport,82.86,Gregory,Wallace,M,27203 Darrell Landing,Saint James City,FL,33956,26.529,-82.0916,3776,Sport and exercise psychologist,1976-09-12,353a65de9e0d0aae91b41cef7865f572,1387795995,26.670575,-82.538912,0
240861,2020-09-15 23:50:58,213154573301411,fraud_Gottlieb-Hansen,personal_care,72.26,Christopher,Sheppard,M,39218 Baker Shoals,Bristow,IN,47515,38.1981,-86.6821,965,Horticultural therapist,1982-02-10,074f4b432a1e34c382b5824f49f964a8,1379289058,38.274583,-86.196038,0
291704,2020-10-08 22:12:06,344342339068828,fraud_Halvorson Group,misc_pos,9.3,Ruth,Fuller,F,37732 Joe Courts Apt. 752,Darien,GA,31305,31.3826,-81.4312,5989,Tax adviser,1967-05-05,295fdf1dfda48346afce9c36563e4702,1381270326,32.118931,-81.252988,1
192854,2020-08-28 02:33:26,6011104316292105,fraud_Turner and Sons,shopping_pos,892.53,Valerie,Davis,F,3861 Anderson Ramp Apt. 536,Drakes Branch,VA,23937,36.9688,-78.5615,1970,Energy engineer,1985-09-02,656342b5a17dd8dceb88966ef8af217b,1377657206,37.750639,-78.65854,1
101783,2020-07-26 23:25:09,38014427445058,fraud_Doyle Ltd,grocery_pos,299.97,Sonya,Jensen,F,4470 Jillian Courts,Adams,WI,53910,43.8967,-89.8219,3508,Sport and exercise psychologist,1946-08-11,dbc9fc4c19b6fb1719e56de13ce2c715,1374881109,44.574122,-89.41778000000001,1
133590,2020-08-07 01:24:13,30199621383748,fraud_Stoltenberg-Beatty,shopping_pos,896.5,Theresa,Powell,F,117 Natasha Vista Suite 936,Leonard,TX,75452,33.4044,-96.2238,4090,Sub,1977-03-23,0826e227950f34b3d624a0994e118c52,1375838653,33.653558000000004,-96.236969,1
288420,2020-10-06 22:11:56,3586955669388457,fraud_Kris-Weimann,misc_net,857.15,Benjamin,Rogers,M,24191 Elizabeth Mill,Bolivar,PA,15923,40.3673,-79.1605,1770,"Administrator, local government",1994-12-08,1275be7a5c62700ab04acbfed71ceca1,1381097516,41.286922,-79.696166,1
209899,2020-09-02 22:40:13,180052752563109,fraud_Miller-Harris,misc_net,789.22,Evan,Santiago,M,9652 Ford Ford Apt. 566,Arlington,VA,22204,38.859,-77.0997,207410,Historic buildings inspector/conservation officer,1968-11-14,23cdc1d8d1b8b3660833d10d2fdb6553,1378161613,39.518597,-77.22930699999999,1
101996,2020-07-27 00:48:50,3525590521269779,"fraud_Bernier, Volkman and Hoeger",misc_net,24.35,Scott,Fuller,M,861 Karen Common,Haw River,NC,27258,36.0424,-79.3242,6006,Paramedic,1984-07-20,d49472f243981f3a7939e7dbb84e2a53,1374886130,36.814934,-80.20963,0
260135,2020-09-25 03:09:22,375082648741747,fraud_Heller-Langosh,gas_transport,83.46,Shannon,Bell,F,2918 David Spurs,Georgetown,MN,56546,47.0999,-96.727,346,"Research officer, trade union",1976-12-14,fd13af0a695c4a814635bc88357ae678,1380078562,47.404451,-96.478617,0
211899,2020-09-04 02:02:54,3550412175018089,fraud_Emard Inc,gas_transport,10.69,Morgan,James,F,742 Sellers Ferry,Lexington,KY,40502,38.0174,-84.4854,296965,Software engineer,1962-12-30,9333369432e57746c8044cc81e7a1cbc,1378260174,37.280622,-84.962473,1
435726,2020-12-05 21:59:37,3587960728692500,fraud_Johns-Hoeger,entertainment,88.59,Kathy,Hughes,F,02110 Lucas Freeway Suite 517,Battle Creek,IA,51006,42.3327,-95.6045,1075,"Teacher, early years/pre",1997-01-02,d8cd5fff8b6905d391fa448ba7a542d1,1386280777,43.09159,-95.147296,0
151391,2020-08-13 00:28:16,2254799658404120,fraud_Mohr Inc,shopping_pos,821.13,Barbara,Nelson,F,7337 Browning Falls Suite 027,Valdosta,GA,31605,30.946,-83.2474,94325,Educational psychologist,1987-09-08,43c921e86ed34d108ccb23e161a8a0cf,1376353696,30.073869,-83.130465,1
26013,2020-06-29 23:16:13,30551643947183,fraud_Ankunding-Carroll,travel,8.85,Morgan,Smith,F,1441 Bradley Place,Grover,NC,28073,35.1836,-81.4552,5621,Toxicologist,1973-11-14,4358e65f19b0a0fdc7599ac3a9fb8cc4,1372547773,35.660418,-80.569244,1
329787,2020-10-25 20:36:52,4635330563105903,fraud_Kuhn LLC,shopping_pos,78.89,Christina,Rose,F,1984 Taylor Island Suite 836,Falls Church,VA,22046,38.8856,-77.1802,116155,Chartered accountant,1983-07-10,79a60ab82f65b89d7b849bca81d34c5a,1382733412,37.969071,-77.33381,0
339753,2020-10-29 23:39:53,3577578023716568,"fraud_O'Reilly, Mohr and Purdy",home,255.68,Debbie,Hughes,F,0182 Owens Burgs Suite 480,Diamond,OH,44412,41.0935,-81.0425,2644,"Engineer, biomedical",1983-08-25,e908e97b0a1c0e7af04b72e5cf78e40a,1383089993,41.276546,-80.265867,1
450958,2020-12-08 13:44:20,3545109339866548,fraud_Fisher Inc,shopping_net,1032.04,Keith,Sanders,M,8030 Beck Motorway,Moorhead,MS,38761,33.4783,-90.5142,2870,Chartered public finance accountant,1999-03-05,dcd9bbc877c22bfa68da97cd93737b7b,1386510260,33.963288,-91.257788,1
45927,2020-07-06 22:44:38,4462038234743679432,fraud_Boyer-Reichert,shopping_net,887.24,Kimberly,Bush,F,6027 Scott Meadows Suite 494,Dell City,TX,79837,31.924,-105.2099,579,Hydrogeologist,1945-11-26,9ac34c5d15e9fe278c80223c3734fa3d,1373150678,31.531105,-104.967163,1
368573,2020-11-10 23:20:32,4103158249977,fraud_Rempel Inc,shopping_net,1084.29,Christopher,Adkins,M,3512 Knight Center,Lorenzo,TX,79343,33.6666,-101.5277,1571,Petroleum engineer,1982-06-27,b372d5ab8219afcf76e2a9f3d15e85aa,1384125632,33.139140000000005,-101.925095,1
295559,2020-10-10 22:47:11,213199865312311,fraud_Lebsack and Sons,misc_net,846.93,Christopher,Miller,M,493 Fitzgerald Fields Suite 454,Varnell,GA,30756,34.9298,-84.9885,74,Pensions consultant,1944-05-14,0248835bf2354a461c71f3f29095e2a7,1381445231,35.019090000000006,-85.17868399999999,1
194943,2020-08-28 23:52:29,6011975266774121,"fraud_Nitzsche, Kessler and Wolff",shopping_pos,1009.0,Haley,Wagner,F,05561 Farrell Crescent,Annapolis,MD,21405,39.0305,-76.5515,92106,"Accountant, chartered certified",1943-05-28,7a8e2a77ac20f5d197d223b28f3f608b,1377733949,38.09695,-75.620805,1
306031,2020-10-14 22:18:52,341542810616333,fraud_Marvin-Lind,personal_care,52.83,Billy,Mcdonald,M,304 Ryan Port Suite 335,Camden,MO,64017,39.2048,-94.0259,464,Colour technologist,1959-05-28,9b18bce150533a2d4b4ad10366c2ac1b,1381789132,39.097705,-94.79636,1
349662,2020-11-03 02:52:50,4244953610136705533,"fraud_Mosciski, Gislason and Mertz",grocery_pos,284.12,Christopher,Odom,M,81446 Nicole Highway Apt. 874,Richland,NJ,8350,39.485,-74.8776,825,Licensed conveyancer,1991-07-06,7d38305b0b5afb524e0c2f7b01e5d74d,1383447170,40.1934,-74.763051,1
336977,2020-10-28 07:28:24,213173753804333,fraud_Friesen-D'Amore,gas_transport,72.18,Joseph,Wagner,M,822 Austin Spur,North Judson,IN,46366,41.2244,-86.6966,5791,"Doctor, general practice",1959-10-07,9b4317e7be0f4a027e65ba91b47474c2,1382945304,42.054179,-86.52665400000001,0
134726,2020-08-07 15:03:32,6595970453799027,fraud_Dickinson Ltd,personal_care,52.82,Gina,Gomez,F,72030 Shelton Crossing Apt. 742,Stirling,NJ,7980,40.6774,-74.4968,2307,Science writer,1969-09-11,5e2b8e3fec8d862bd83d1048bc7192be,1375887812,40.870952,-73.768359,1
90406,2020-07-22 07:21:42,4797297220948468262,"fraud_Heller, Gutmann and Zieme",grocery_pos,353.17,Erica,Briggs,F,3310 Davidson Spurs Apt. 107,Oolitic,IN,47451,38.8938,-86.5246,1228,Counsellor,1991-03-13,318ff1b669b5a5eb1656247672ffa143,1374477702,39.394551,-86.02461,1
454943,2020-12-09 07:55:15,3545109339866548,fraud_Rau and Sons,grocery_pos,305.98,Keith,Sanders,M,8030 Beck Motorway,Moorhead,MS,38761,33.4783,-90.5142,2870,Chartered public finance accountant,1999-03-05,e9406333bcd3b2178b22a5421d33a537,1386575715,32.937603,-91.503984,1
25893,2020-06-29 22:35:58,4761403817546679245,"fraud_Schiller, Blanda and Johnson",home,342.36,Diana,Jacobs,F,69608 Perez Mountain Apt. 006,Viola,AR,72583,36.3924,-91.9932,1679,Psychiatric nurse,1986-05-02,75523b58f5e36ecf78169790695888a2,1372545358,35.871554,-91.637032,1
25932,2020-06-29 22:48:19,3560318482131952,fraud_Bauch-Blanda,entertainment,8.02,William,Skinner,M,524 Wu Spurs Suite 894,Mount Hope,AL,35651,34.4793,-87.4769,1312,"Librarian, academic",1955-02-01,f4475e6c7e16dc594802a1c559391600,1372546099,34.773518,-87.285628,0
396898,2020-11-23 22:17:22,4972228199573984,fraud_Mohr-Bayer,shopping_net,1023.43,Brian,Hogan,M,3316 Cindy Land,Lane,OK,74555,34.2691,-95.9685,861,Quantity surveyor,1960-04-08,6435a19dc4fd8061af67472475275fbb,1385245042,34.445072,-95.995012,1
401640,2020-11-25 23:31:51,30546453310167,"fraud_Goldner, Kovacek and Abbott",grocery_pos,331.69,Nicholas,Tran,M,672 Randall Burg Suite 551,Belmont,NH,3220,43.4512,-71.48899999999999,7430,"Scientist, research (medical)",1955-01-13,466e5afe93749eba5e133877dc4aafeb,1385422311,43.161142,-70.592019,1
316273,2020-10-19 15:50:13,5359543825610251,fraud_Stark-Batz,entertainment,132.55,Michael,Francis,M,1833 Jeanette Stravenue,Belgrade,MT,59714,45.7801,-111.1439,18182,"Engineer, drilling",1975-06-29,7fa6699d482178e67c033a1ee86833ef,1382197813,44.994602,-110.677922,0
38779,2020-07-05 01:46:18,4989847570577635369,fraud_Bradtke PLC,grocery_pos,338.47,Vanessa,Anderson,F,21178 Brittney Locks,Prosperity,SC,29127,34.1832,-81.5324,8333,Archaeologist,1994-07-09,7024b5e078a38e856a02e749353d3c48,1372988778,33.852327,-80.962576,1
401204,2020-11-25 18:02:45,4373370572092720777,"fraud_Langworth, Boehm and Gulgowski",shopping_net,4.73,Hailey,Rhodes,F,337 Michael Harbors Suite 722,Michigan,ND,58259,48.0204,-98.1186,454,"Producer, television/film/video",1972-07-29,39cb728e0d8a2c29af653b9ae7ebeab6,1385402565,48.946215,-98.250394,0
129700,2020-08-05 02:21:46,348253506557335,fraud_Mraz-Herzog,gas_transport,7.99,Thomas,Gibson,M,32745 Silva Springs Suite 040,Grand Bay,AL,36541,30.4983,-88.3282,15647,Armed forces logistics/support/administrative officer,1948-03-22,4d376f34816ebf4bcdec9b32c0849f43,1375669306,29.575172,-87.791988,1
274178,2020-09-30 23:41:38,180020605265701,"fraud_Daugherty, Pouros and Beahan",shopping_pos,1320.92,John,Lewis,M,7908 Derrick Mount,Morrowville,KS,66958,39.8616,-97.1825,314,Chemical engineer,2002-03-17,1352f5f821b77b49df4bc2329e5e249e,1380584498,39.679602,-97.038867,1
184715,2020-08-24 22:34:07,4658490815480264,"fraud_Bernhard, Grant and Langworth",shopping_pos,675.79,Tara,Richards,F,4879 Cristina Station,Keisterville,PA,15449,39.9636,-79.7853,184,Systems developer,1945-11-04,a2939872e2c7066c84eb872809edb828,1377383647,40.145879,-79.478815,1
54367,2020-07-10 04:03:23,30364087349027,fraud_Bahringer-Larson,grocery_net,49.46,Samuel,Sandoval,M,0005 Morrison Land,Mounds,OK,74047,35.8896,-96.0887,7163,Fitness centre manager,1982-02-05,9e16ad9ab8df4a1e3276646c9b3ab30a,1373429003,36.571482,-96.215407,0
135733,2020-08-07 23:23:52,376445266762684,"fraud_Nitzsche, Kessler and Wolff",shopping_pos,1079.08,Rachel,Lowe,F,372 Jeffrey Course,Sutherland,NE,69165,41.1558,-101.136,1789,Insurance broker,1982-02-11,38633a56e0f918113fb9fba82fd55148,1375917832,41.779142,-100.942277,1
226226,2020-09-10 02:45:27,376656886990758,"fraud_Greenholt, Jacobi and Gleason",gas_transport,11.7,Richard,Vance,M,169 Shelia Knoll Suite 753,Zavalla,TX,75980,31.1569,-94.3871,2836,"Designer, jewellery",1985-12-03,5931c4c945c7e435cb49f197d4cb2ee6,1378781127,30.951794,-93.43013,1
73139,2020-07-16 16:35:50,503874407318,"fraud_Effertz, Welch and Schowalter",entertainment,260.55,Andrew,Mcgee,M,4130 Tiffany Glen Apt. 562,San Antonio,TX,78248,29.5894,-98.5201,1595797,Exhibition designer,1975-12-28,596438846db1e4ca0de93ed9e3f7489f,1373992550,29.868313,-98.140213,0
510012,2020-12-21 18:56:36,2235335206132667,fraud_Swift PLC,kids_pets,15.09,Maria,Rosales,F,6611 Parrish Garden Apt. 428,Waynesfield,OH,45896,40.6072,-83.9585,2089,Building control surveyor,1963-06-22,7a3b32b978f62e7ff19ed03a4ff415e0,1387652196,39.671301,-84.21384,0
81909,2020-07-19 23:25:55,3534330126107879,"fraud_Heathcote, Yost and Kertzmann",shopping_net,723.15,Jeffrey,Smith,M,713 Scott Pike Apt. 712,Bridger,MT,59014,45.2857,-108.9082,1446,Chartered loss adjuster,1978-01-15,4f1077d7caab592a698de7ec0bffb2c9,1374276355,45.866906,-108.50611200000002,1
180938,2020-08-23 23:46:39,577588686219,fraud_Stamm-Witting,shopping_net,973.03,James,Strickland,M,25454 Leonard Lake,Spring Church,PA,15686,40.6153,-79.4545,972,Public relations account executive,1997-10-23,a8b92af3940bdd60b743a2496c352920,1377301599,40.32384,-78.89858100000001,1
13592,2020-06-25 21:01:25,4900628639996,fraud_Schimmel-Olson,kids_pets,50.81,Michael,Johnson,M,094 Owens Underpass,Norwalk,CA,90650,33.9056,-118.0818,105549,Firefighter,1973-09-22,7883ef1ecce6c3c7343b3b903a516d93,1372194085,34.111992,-118.371955,0
311780,2020-10-18 01:22:44,378904938837132,fraud_Huels-Nolan,gas_transport,10.95,Tina,Zimmerman,F,3595 Susan Island Suite 063,Thomas,OK,73669,35.7382,-98.7388,1675,Barrister,1986-05-01,4e3b93245d9b8f52604c1c2329c2d9b9,1382059364,35.339040999999995,-99.171111,1
330093,2020-10-25 22:51:49,4599285557366057,"fraud_Romaguera, Cruickshank and Greenholt",shopping_net,873.24,Mary,Williams,F,00315 Ashley Valleys,Burrton,KS,67020,38.0261,-97.6666,1689,Gaffer,1997-11-18,10ee6414b2daa7a761e327929193fd3e,1382741509,37.596445,-97.436611,1
476290,2020-12-14 12:54:01,630471368021,fraud_Kub PLC,personal_care,73.68,George,Floyd,M,22502 Baker Mount Suite 241,Hazel,KY,42049,36.5422,-88.3319,1480,"Designer, interior/spatial",1974-09-14,142820976586a73f3bf4f5642529fba6,1387025641,35.550807,-87.815351,0
188798,2020-08-26 00:27:16,4006047418382,fraud_Huels-Hahn,gas_transport,47.44,Robert,Sanchez,M,7314 Johnson Square Apt. 296,Parkers Lake,KY,42634,36.8347,-84.4436,1565,"Designer, industrial/product",1968-07-24,ce1203f6e2512144d5970e44e7bd6d5e,1377476836,37.726245,-83.628073,0
137986,2020-08-08 22:26:16,343819048608995,fraud_Howe PLC,entertainment,471.23,Shelby,Cannon,F,1535 Ryan Burgs Suite 919,Des Moines,IA,50312,41.5855,-93.6719,222785,Wellsite geologist,1956-01-24,e945cebdbeafc4fe0eb71b9a10d867f7,1376000776,41.156542,-94.007862,1
229524,2020-09-11 20:58:39,567868110212,fraud_Rau-Robel,kids_pets,7.47,Dawn,Tucker,F,789 Herring Manors,Houston,TX,77007,29.7736,-95.4034,2906700,"Copywriter, advertising",1984-12-16,31a8f3d53ed0d7a603a36258e29ef087,1378933119,29.862374,-96.239038,0
361149,2020-11-08 17:15:57,2242542703101233,fraud_Leannon-Ward,food_dining,15.64,Samuel,Jenkins,M,43235 Mckenzie Views Apt. 837,Westport,KY,40077,38.4921,-85.4524,564,Pensions consultant,1996-04-10,bad558a392f9ff09edfe93f68be74378,1383930957,39.318886,-84.76509300000001,0
133465,2020-08-06 23:52:16,6595970453799027,fraud_Bashirian Group,shopping_net,1051.86,Gina,Gomez,F,72030 Shelton Crossing Apt. 742,Stirling,NJ,7980,40.6774,-74.4968,2307,Science writer,1969-09-11,27bc87a6103747819b66b505a2f3f669,1375833136,39.983503000000006,-75.28355400000001,1
416981,2020-12-01 03:56:16,30266994494236,fraud_Dooley-Thompson,misc_net,806.92,Sarah,Foster,F,77872 Andrea Glen Apt. 543,Ford,VA,23850,37.1349,-77.7364,1051,Chief Operating Officer,1976-11-21,6b7f8836f03169ed0d5c4355b1a5ea94,1385870176,37.752562,-78.443794,1
171727,2020-08-20 12:15:10,4492491748959010,fraud_Lynch-Wisozk,home,70.45,Jonathan,Byrd,M,5554 Mack Meadows,Premier,WV,24878,37.3752,-81.6539,337,Advice worker,1986-10-17,a7e2e83ad92524afff3c7dc02cc8595f,1377000910,36.575887,-80.948406,0
365436,2020-11-09 23:39:37,3560336828629935,fraud_Hickle Group,shopping_pos,924.24,Christopher,White,M,13613 Hammond Ferry,Clutier,IA,52217,42.0789,-92.3763,590,"Embryologist, clinical",1953-03-30,b7102f9c534b89ec04870bf00a73d1e2,1384040377,41.105156,-93.100314,1
357188,2020-11-06 20:20:21,6544734391390261,fraud_Kihn-Fritsch,food_dining,21.14,John,Myers,M,701 Wilson Divide,Highland,IN,46322,41.55,-87.4569,23727,Community arts worker,1982-02-08,6a6c74c837812765c6da6c5d2718a0fd,1383769221,42.389948,-87.99126899999999,0
109706,2020-07-28 23:44:06,30290551782700,"fraud_Reichert, Rowe and Mraz",shopping_net,1106.41,John,Clarke,M,27909 Peter Motorway,Cadiz,KY,42211,36.802,-87.8286,13422,Commissioning editor,1961-09-03,9a4b88cdf5c8bf469741a92bf75708c4,1375055046,37.761455,-87.595425,1
224536,2020-09-08 23:46:04,570273151375,fraud_Schmidt and Sons,shopping_net,1092.32,Peter,Edwards,M,96122 Steven Flat,Allentown,GA,31003,32.6064,-83.2095,112,"Lecturer, higher education",1965-02-03,370faf738e60f7cf445bf7ce2e18c622,1378683964,32.768611,-82.773752,1
256535,2020-09-22 22:39:18,60487002085,fraud_Kuhic LLC,shopping_net,995.97,David,White,M,66234 Hall Lock Suite 758,Jackson,MS,39211,32.3739,-90.1293,233060,"Horticulturist, commercial",1972-08-15,b1fe651e13056a1cd16bc231cdcbfdab,1379889558,33.1926,-89.908567,1
135692,2020-08-07 23:05:59,372246459334925,fraud_Beer-Jast,kids_pets,54.2,Rick,Martinez,M,062 Poole Hollow Apt. 815,Deadwood,SD,57732,44.3566,-103.6999,1979,Multimedia programmer,1970-03-13,e6acb9e84a64f7054d530cd6aa328e3e,1375916759,45.269405,-103.287784,0
492807,2020-12-18 03:42:15,676248282243,"fraud_Greenholt, O'Hara and Balistreri",shopping_net,134.33,Amanda,Wheeler,F,329 Emily Cape,Cape Coral,FL,33909,26.6939,-81.9452,156391,Higher education careers adviser,1968-02-09,2a9030084833fa59694b195b08d679eb,1387338135,26.500588,-82.706689,0
290070,2020-10-07 22:03:45,6597248210463122,fraud_Doyle Ltd,grocery_pos,322.76,Kyle,Wright,M,610 Samantha Park Suite 149,Whittemore,IA,50598,43.0261,-94.4064,912,Optometrist,1968-05-16,b00ca1e15067fb08868a9b347edad692,1381183425,42.43482,-94.09866,1
225963,2020-09-09 22:45:39,4173950183554608,fraud_Fisher-Schowalter,shopping_net,1002.31,Stephen,Marshall,M,47144 Roberts Keys,Monmouth Beach,NJ,7750,40.333,-73.9809,3279,Health promotion specialist,1978-10-05,d00bf56115fa3358e16ca86fed9e77cf,1378766739,39.911373,-74.478696,1
197623,2020-08-30 03:36:50,4561892980175,"fraud_Greenholt, Jacobi and Gleason",gas_transport,62.0,Jacqueline,Allen,F,166 Lisa Fords,Greenwood,IN,46143,39.596,-86.1309,78968,Financial adviser,1968-02-10,047961d39fc29195d7630fc3a223c8f1,1377833810,40.495493,-86.99001700000001,0
507766,2020-12-21 12:05:38,4710826438164847414,"fraud_Denesik, Powlowski and Pouros",home,8.12,Juan,Henry,M,9795 Lori Island Suite 346,Turner,MT,59542,48.8328,-108.3961,192,Further education lecturer,1964-01-04,0fe261361ad5d9fe175d81c90d18a7cf,1387627538,48.753401,-107.793,0
457950,2020-12-10 06:38:28,36722699017270,"fraud_Stokes, Christiansen and Sipes",grocery_net,12.27,Jessica,Perez,F,8172 Robertson Parkways Suite 072,Superior,AZ,85173,33.2887,-111.0985,2872,Petroleum engineer,1987-10-28,711c09cfcf53b7e489ce957a72e5ee62,1386657508,34.233185,-111.768805,0
129839,2020-08-05 04:41:54,6538441737335434,fraud_Kutch LLC,gas_transport,50.19,Gina,Grimes,F,444 Robert Mews,Clarks Mills,PA,16114,41.3851,-80.1752,606,Energy manager,1997-09-22,8795f6683222c4fc82efb7a9d7d217be,1375677714,42.018314,-80.518458,0
506379,2020-12-21 05:14:14,4179719215697782,fraud_Mraz-Herzog,gas_transport,74.94,Belinda,Jimenez,F,6807 Jacob Skyway Apt. 331,Rockwell,IA,50469,43.0032,-93.2167,1574,"Scientist, audiological",1982-12-27,38b75ca82bf255ad3894d5c96af66e71,1387602854,42.986722,-92.915289,0
133686,2020-08-07 02:44:10,4518350514020532,fraud_Donnelly PLC,misc_net,695.52,Christopher,Gregory,M,9579 Porter Tunnel,Wauchula,FL,33873,27.5517,-81.8074,14742,Teaching laboratory technician,1993-02-26,9c8a4fc8aa4204d4b0b9e471f477c00d,1375843450,27.407403,-82.662143,1
42194,2020-07-06 01:07:20,30197398657930,fraud_Gibson-Deckow,entertainment,576.52,April,Johnson,F,9727 Deleon Mountain,Creedmoor,NC,27522,36.1124,-78.6476,12335,Chief Strategy Officer,1987-09-19,6f69ec39a00bbe5e28413893d7b5b973,1373072840,36.886127,-79.280067,1
247914,2020-09-20 00:49:38,4474324669797121,fraud_Pouros-Haag,shopping_pos,7.59,Matthew,Russell,M,168 Michael Coves Suite 343,June Lake,CA,93529,37.7773,-119.0825,633,Health service manager,1927-09-09,e03983d9173b0a641cee71bbb60193f8,1379638178,36.873476,-118.408352,0
121388,2020-08-02 22:32:09,30230540139182,"fraud_Mueller, Gerhold and Mueller",health_fitness,77.27,Hayden,Sanders,M,8465 Reed Green Suite 559,Montandon,PA,17850,40.9661,-76.8575,645,Orthoptist,1974-05-18,0ed709b58445b7c2a7a67eefd3c9d111,1375482729,41.644729,-77.72386999999999,0
318071,2020-10-20 04:56:47,4623560839669,fraud_Rau and Sons,grocery_pos,114.72,Vincent,Waller,M,9379 Vanessa Run Apt. 400,Lohrville,IA,51453,42.2619,-94.5566,695,Administrator,1954-07-15,a7f19dd1cd2b6e54bc78c3a46f4f520e,1382245007,42.182815000000005,-94.458852,0
200486,2020-08-30 23:24:17,213161231269724,fraud_Ernser-Feest,home,8.44,Alyssa,Morgan,F,622 Robin Run Suite 764,Gadsden,AL,35901,34.048,-85.9246,67082,Physiological scientist,1963-02-09,4445a1536ae19358bc6d3441e0611931,1377905057,33.688606,-86.653231,0
85897,2020-07-20 23:10:36,4874017206859125,fraud_Erdman-Ebert,personal_care,21.48,Lauren,Williams,F,065 Jones Stravenue,Lake Oswego,OR,97034,45.4093,-122.6847,42817,Planning and development surveyor,1982-05-28,57f4fc4fdd55f5023182483796c0f44b,1374361836,45.299985,-122.538645,1
99526,2020-07-26 09:19:49,375534208663984,fraud_Stamm-Witting,shopping_net,86.15,Tyler,Garcia,M,408 Bradley Rest,Doe Hill,VA,24433,38.4207,-79.4629,99,Dance movement psychotherapist,1986-03-28,4281bc1401d485b48ef8a165d2eef3f9,1374830389,39.037358000000005,-79.13676099999999,0
413824,2020-11-30 17:05:55,4560004149983868183,fraud_Heller PLC,health_fitness,62.37,Stacy,Villegas,F,20581 Pena Walks,Colorado Springs,CO,80951,38.8881,-104.6556,525713,Museum/gallery exhibitions officer,1992-05-09,4ccc339bfa1199e6820f93afc592a852,1385831155,37.983252,-104.564081,0
450516,2020-12-08 12:12:49,3540075240003197,fraud_Schmeler-Howe,personal_care,3.36,Christian,Johns,M,892 Solis Neck,Lonsdale,MN,55046,44.4477,-93.4252,5211,Chief Strategy Officer,1987-01-27,2fdf7d7e9147c2084dd5f53a7494947d,1386504769,43.720855,-92.549846,0
98558,2020-07-26 00:27:36,676372984911,fraud_Kutch and Sons,grocery_pos,90.7,Vicki,Mendoza,F,3645 Atkins Island Apt. 238,Esbon,KS,66941,39.7562,-98.4462,242,Tourism officer,1987-07-18,4b340ef4eb8d7b4761ba334c5376518d,1374798456,40.7494,-97.674223,0
93242,2020-07-23 18:07:53,60427851591,fraud_Romaguera Ltd,health_fitness,77.73,Bradley,Martinez,M,3426 David Divide Suite 717,Burns Flat,OK,73624,35.3492,-99.188,2142,Politician's assistant,1976-06-30,82900318ba90467ad7f73eb9261af6aa,1374602873,34.684811,-98.439527,0
421949,2020-12-01 22:41:24,377834944388609,fraud_Upton PLC,entertainment,409.2,Michael,Jackson,M,539 Underwood Divide,Pea Ridge,AR,72751,36.4539,-94.118,6434,Product designer,1967-08-28,01a748c0d894d55069063e3cf1ce10bd,1385937684,37.112335,-94.237607,1
304726,2020-10-14 01:53:53,3501942333500073,fraud_Kilback LLC,grocery_pos,306.95,Lori,Bishop,F,08056 Alvarado Club Suite 699,Phoenix,AZ,85086,33.8155,-112.1202,1312922,Counselling psychologist,1999-11-30,50036ad6bfb7c0fb9837b4c350ce51e6,1381715633,33.95949,-111.664708,1
542538,2020-12-28 22:02:59,376028110684021,fraud_Larson-Moen,entertainment,82.82,Aaron,Murray,M,624 Hale Springs Apt. 572,Meadville,MO,64659,39.7795,-93.3014,964,Tourist information centre manager,1974-12-23,6e358656db4735375fb275f078de04e8,1388268179,39.040040000000005,-92.985564,0
55997,2020-07-10 20:38:35,675961917837,"fraud_Baumbach, Hodkiewicz and Walsh",shopping_pos,837.54,Christopher,Cummings,M,478 George Course Apt. 056,Sprague,NE,68438,40.6267,-96.7456,142,Chiropodist,1967-08-24,be5bf8bf2eb0572daa8b4135d26590b8,1373488715,41.10998,-95.958421,1
391579,2020-11-22 02:33:22,3533742182628021,fraud_Koss and Sons,gas_transport,43.44,Robert,Haynes,M,857 Aaron Circles Suite 398,Johns Island,SC,29455,32.8357,-79.8217,20478,Materials engineer,1997-06-04,554766ee0bf852d377a09fc90551cc18,1385087602,32.495215,-79.980846,0
274154,2020-09-30 23:22:55,180020605265701,"fraud_Reichert, Rowe and Mraz",shopping_net,879.09,John,Lewis,M,7908 Derrick Mount,Morrowville,KS,66958,39.8616,-97.1825,314,Chemical engineer,2002-03-17,5ed442bd31e86692c17acf363154b066,1380583375,40.569117,-96.234125,1
11842,2020-06-24 23:54:32,3593118134380341,fraud_Turcotte-Halvorson,misc_pos,49.18,Laura,Casey,F,6114 Moran Way,Steuben,ME,4680,44.4971,-67.9503,1131,Make,1959-05-10,a113daae572eb0d73af45fbc4fd5cb50,1372118072,45.216686,-67.15414100000001,1
188475,2020-08-25 22:36:22,4119762878330989,fraud_Donnelly PLC,misc_net,776.33,Melinda,Gutierrez,F,1497 West Gateway,Eureka,IL,61530,40.7152,-89.2706,6713,Archivist,1945-08-19,a94087d4c7458a7943f7ef84a9ad7b39,1377470182,41.168566,-88.656388,1
242415,2020-09-17 01:01:45,342952484382519,fraud_Corwin-Gorczany,misc_net,911.2,Kayla,Jones,F,6033 Young Track Suite 804,East Canaan,CT,6024,42.0158,-73.2913,647,Comptroller,1987-09-26,d05e1ae086d3fdd8fe8fa679d6d1a7db,1379379705,41.281239,-72.940985,1
351281,2020-11-03 16:03:30,4629451965224809,fraud_Langworth LLC,personal_care,53.11,Karen,Warren,F,4900 Curtis Gardens Suite 952,Hahira,GA,31632,30.9416,-83.3574,10295,"Teacher, special educational needs",1997-12-26,61251d4b930d56e307e679316f5a35d3,1383494610,31.494748,-84.02279,0
184612,2020-08-24 22:04:26,3501365119557234,"fraud_Heathcote, Yost and Kertzmann",shopping_net,1076.63,Danielle,Allen,F,87198 Macias Drive Suite 389,Loving,NM,88256,32.274,-104.0914,1925,Educational psychologist,1952-05-26,067d6decfc9e8b248ded87b0a0c2535a,1377381866,32.008516,-103.202773,1
81979,2020-07-19 23:55:53,4428780983793657331,"fraud_Little, Gutmann and Lynch",shopping_net,1068.32,Richard,Waters,M,7683 Natasha Way Apt. 945,Waukesha,WI,53186,42.9993,-88.2196,95015,"Therapist, occupational",1946-01-02,9ad5f1ab3c823bef5599438aa341ae99,1374278153,42.727735,-88.40260500000001,1
279520,2020-10-03 22:04:32,4710826438164847414,"fraud_Lockman, West and Runte",grocery_pos,359.29,Juan,Henry,M,9795 Lori Island Suite 346,Turner,MT,59542,48.8328,-108.3961,192,Further education lecturer,1964-01-04,85a621175ac4605c2cb7879dff225eff,1380837872,49.40878,-108.781002,1
464119,2020-12-11 22:29:16,4560395181594436016,"fraud_Conroy, Balistreri and Gorczany",health_fitness,18.46,Angela,Taylor,F,6343 Ramirez Skyway Apt. 518,Lakeport,CA,95453,39.047,-122.9328,11256,Podiatrist,1972-10-18,0563199dc605dc0674419f09949d5835,1386800956,39.868656,-123.337295,1
378438,2020-11-16 02:00:17,378006354724784,"fraud_Lockman, West and Runte",grocery_pos,251.97,Christopher,Matthews,M,433 John Heights Apt. 849,Etlan,VA,22719,38.5095,-78.2638,395,Senior tax professional/tax inspector,1982-01-07,98559d91668d1edb28a75e441918aecc,1384567217,38.833682,-77.32585,1
402422,2020-11-26 13:03:12,180046165512893,fraud_Conroy Ltd,shopping_pos,907.83,Erica,Walker,F,084 Holmes Avenue Suite 206,Stayton,OR,97383,44.8021,-122.7624,9587,"Engineer, biomedical",1968-03-24,3d5c3f9765ab7f615d5528ef1e1873f4,1385470992,44.241096,-122.859117,1
282558,2020-10-05 00:45:05,30011465039817,fraud_Wisozk and Sons,misc_pos,8.71,Lisa,Garcia,F,213 Gill Expressway,Chatham,NY,12037,42.3496,-73.5873,4015,Human resources officer,1971-10-14,5ddc729fd5a3ac99998e907cda5d1d7c,1380933905,41.850861,-73.749741,1
330197,2020-10-25 23:33:00,4599285557366057,fraud_Kuhn LLC,misc_net,821.96,Mary,Williams,F,00315 Ashley Valleys,Burrton,KS,67020,38.0261,-97.6666,1689,Gaffer,1997-11-18,79a03ae645983fc0f5b46787e2ae2f83,1382743980,38.706515,-97.914621,1
192610,2020-08-27 23:34:28,6011975266774121,fraud_Kilback LLC,grocery_pos,312.87,Haley,Wagner,F,05561 Farrell Crescent,Annapolis,MD,21405,39.0305,-76.5515,92106,"Accountant, chartered certified",1943-05-28,8fd9cbfbeecbfda75322e6c12795d627,1377646468,39.468334000000006,-77.437989,1
443964,2020-12-07 11:37:09,6564459919350820,"fraud_Kuhic, Bins and Pfeffer",shopping_net,2.3,Douglas,Willis,M,619 Jeremy Garden Apt. 681,Benton,WI,53803,42.5545,-90.3508,1306,Public relations officer,1958-09-10,41e4fee8fba1b12ad5ab85a14803f7c1,1386416229,42.242245,-89.573073,0
254573,2020-09-22 08:47:19,213156747557083,fraud_Kutch and Sons,grocery_pos,22.53,Adam,Santos,M,725 Jo Trace Apt. 102,Glendale,CA,91206,34.1556,-118.2322,172817,Advertising account planner,1982-07-30,bbeec5af28a8a6c1df0121b82fd881b2,1379839639,34.18995,-118.447924,0
285745,2020-10-06 00:58:18,581508178315,fraud_Kilback LLC,grocery_pos,342.03,Michael,Vargas,M,933 Martin Rapids,Desdemona,TX,76445,32.2819,-98.5673,407,Clothing/textile technologist,1978-08-08,c8671c48baa72bd964ed740d6fd32986,1381021098,31.462114,-99.425321,1
422750,2020-12-02 03:37:55,4292743669224718067,fraud_Kilback LLC,grocery_pos,98.27,Michael,Williams,M,35822 Clayton Street Apt. 679,Great Mills,MD,20634,38.2674,-76.4954,5927,Art therapist,1973-06-09,2d6cd00ba7c4a94373fd7d6f98a8b4fd,1385955475,37.945312,-76.320074,0
460069,2020-12-10 20:47:27,6596735789587928,fraud_Leannon-Ward,food_dining,77.0,Spencer,Williams,M,1145 Tony Drive Suite 080,Watertown,MN,55388,44.9595,-93.8482,5619,Licensed conveyancer,1959-01-15,5b2437ec98d3d74e23d387c71e866001,1386708447,45.434322,-93.289154,0
91029,2020-07-22 15:52:09,3587960728692500,fraud_Zboncak Ltd,food_dining,10.68,Kathy,Hughes,F,02110 Lucas Freeway Suite 517,Battle Creek,IA,51006,42.3327,-95.6045,1075,"Teacher, early years/pre",1997-01-02,28738374fc59023c984c72155ed7b8a5,1374508329,43.285669,-95.846099,0
413254,2020-11-30 15:25:49,4128730454058057622,fraud_Grimes LLC,entertainment,9.58,Monique,Martin,F,68276 Matthew Springs,Ratcliff,TX,75858,31.3833,-95.0619,43,"Engineer, production",1949-10-04,fb40bf6b92468ea3aef6ab7f41c0a7b3,1385825149,30.714452,-95.697129,0
317897,2020-10-20 03:14:12,5130484058948421,"fraud_Monahan, Bogisich and Ledner",misc_pos,37.37,Ronald,White,M,25713 Hamilton Grove Apt. 903,Beaverdam,OH,45808,40.8314,-83.9758,349,Museum/gallery conservator,1978-12-25,10e6dac7ff7dce277e1df348a8a30ec6,1382238852,41.059465,-82.993227,0
260696,2020-09-25 12:09:41,4810789809665942990,fraud_Spencer-Runolfsson,misc_pos,45.27,Julie,Sanchez,F,916 Charles Road,Bowersville,OH,45307,39.5756,-83.7153,338,Quantity surveyor,1988-07-28,97459ff96a8464ca9b5dfba636ecbe1d,1380110981,39.621615000000006,-83.350166,0
306264,2020-10-15 01:24:59,341542810616333,fraud_Conroy-Cruickshank,gas_transport,18.46,Billy,Mcdonald,M,304 Ryan Port Suite 335,Camden,MO,64017,39.2048,-94.0259,464,Colour technologist,1959-05-28,51d50c944b987890cccfda5cd4650a45,1381800299,40.126368,-93.688829,1
19685,2020-06-28 09:37:34,3560725013359375,fraud_Sporer Inc,gas_transport,70.26,Brooke,Smith,F,63542 Luna Brook Apt. 012,Notrees,TX,79759,31.8599,-102.7413,23,Cytogeneticist,1969-09-15,04ea4f7fd77596fd2f529a3036a9f2a3,1372412254,32.200921,-103.0572,0
225137,2020-09-09 11:25:41,30153452207526,fraud_Jakubowski Group,food_dining,169.42,Robin,Smith,F,0537 Margaret Common Suite 526,Coleman,TX,76834,31.8287,-99.427,5908,Radio producer,1962-04-05,ca358851700e77b7dc5ce9e1f00a43f7,1378725941,32.118903,-100.15806,0
175990,2020-08-22 08:16:19,2288813824604479,"fraud_Bernier, Streich and Jewess",grocery_net,39.47,Barbara,Norman,F,6278 Stephanie Unions,New York City,NY,10039,40.8265,-73.9383,1577385,Herbalist,1981-08-29,c3710a9dce39eb3cd857eed4f0107cd4,1377159379,40.061577,-73.099889,0
455601,2020-12-09 13:31:10,38295635583927,"fraud_Mante, Luettgen and Hackett",health_fitness,40.61,Candice,Brown,F,9412 Harris Mews,O Brien,TX,79539,33.3749,-99.8473,178,Warden/ranger,1983-06-14,2ea0a1fd0166f173ab8b95e67222b6b0,1386595870,33.331782000000004,-99.201989,0
389704,2020-11-21 03:17:38,30235268718158,fraud_Cartwright-Harris,grocery_pos,306.22,Kenneth,Doyle,M,8614 Reed Glen,West Harrison,NY,10604,41.0592,-73.7395,11250,Lexicographer,1977-08-16,9e4e189418568cfd75f8c541a20ec3a7,1385003858,41.204635,-73.458772,1
137964,2020-08-08 22:17:07,343819048608995,fraud_Terry-Huel,shopping_net,931.91,Shelby,Cannon,F,1535 Ryan Burgs Suite 919,Des Moines,IA,50312,41.5855,-93.6719,222785,Wellsite geologist,1956-01-24,5b810f68af2b0c1dcb8a138c55c71905,1376000227,41.129931,-94.381911,1
62064,2020-07-12 23:20:17,3540075240003197,"fraud_Greenholt, O'Hara and Balistreri",shopping_net,852.76,Christian,Johns,M,892 Solis Neck,Lonsdale,MN,55046,44.4477,-93.4252,5211,Chief Strategy Officer,1987-01-27,3bcda7eda5fad588fc5d143975349551,1373671217,43.745898,-93.001669,1
396473,2020-11-23 19:28:53,4587577161160601,fraud_Morissette-Schaefer,personal_care,9.7,Tina,Lawrence,F,12444 Jacob Pines,Nobleboro,ME,4555,44.0943,-69.4828,1643,Financial trader,1976-04-12,6a977f29bb000b7cf2acdffbdcc2a835,1385234933,44.752721,-70.168669,0
196081,2020-08-29 14:00:22,376445266762684,fraud_McGlynn-Jaskolski,misc_pos,6.01,Rachel,Lowe,F,372 Jeffrey Course,Sutherland,NE,69165,41.1558,-101.136,1789,Insurance broker,1982-02-11,9a3cd31f9210f92a01b02b850e044859,1377784822,41.999575,-100.990151,0
69957,2020-07-14 23:38:18,180036456789979,"fraud_Klocko, Runolfsdottir and Breitenberg",health_fitness,11.97,Mackenzie,Salazar,F,982 Melissa Lock,Bagley,WI,53801,42.9207,-91.0685,878,Risk analyst,1974-11-20,8960b6e28d52e8837d8fb60e38488608,1373845098,43.488092,-90.810096,0
327598,2020-10-25 00:36:53,180046617132290,fraud_Ledner-Pfannerstill,gas_transport,10.0,Erika,Mason,F,083 Karen Island Apt. 656,Goreville,IL,62939,37.575,-88.9655,3119,"Teacher, secondary school",1942-04-17,102ac9a6057fe07d6d0a90ea519e16b4,1382661413,38.297067,-89.064806,1
333551,2020-10-27 00:29:41,676281772837,fraud_Murray-Smitham,grocery_pos,302.51,Alicia,Bishop,F,222 Freeman Islands,Whigham,GA,39897,30.8836,-84.3246,3430,"Editor, commissioning",1950-03-25,50feb50e835e170360ba8ea458240582,1382833781,29.982676,-84.117848,1
89628,2020-07-21 22:24:16,4225990116481262579,fraud_Strosin-Cruickshank,grocery_pos,306.85,Brian,Simpson,M,2711 Duran Pines,Honokaa,HI,96727,20.0827,-155.488,4878,Physiotherapist,1966-12-03,318ef54276eedaaab82ca8909d14057a,1374445456,19.161782,-155.890773,1
211588,2020-09-03 22:01:38,4509142395811241,fraud_Mante Group,misc_net,725.34,Margaret,Williams,F,165 Jerry Meadows Suite 460,Surrency,GA,31563,31.6489,-82.1982,1324,"Engineer, technical sales",1926-07-12,7a3eb0437f1e843aa1b368d1bcfa059b,1378245698,32.496493,-81.924762,1
51017,2020-07-08 14:40:12,6550399784335736,fraud_Windler LLC,kids_pets,22.07,Harry,Mckee,M,95351 Sullivan Viaduct Apt. 239,Port Charlotte,FL,33981,26.9379,-82.2388,79008,Quantity surveyor,1984-08-31,982a3f83fa84dfcac682e967a9255918,1373294412,26.960467,-81.522699,0
517887,2020-12-23 00:39:22,584673555952,fraud_Mante Group,misc_net,5.99,Jessica,Jordan,F,071 Wise Trace,Coleharbor,ND,58531,47.5196,-101.2332,307,Make,1930-08-13,f5857c95bb4e157bc4df3b2cca555d50,1387759162,47.856629,-100.861857,0
425459,2020-12-03 00:36:33,3588001568691267,fraud_Schamberger-O'Keefe,grocery_pos,298.76,Jason,Johnson,M,5942 Thomas Park,Craig,AK,99921,55.4732,-133.1171,1920,Commissioning editor,1997-06-17,faa98e77154a17b666e2931eb639e1c3,1386030993,55.408278,-132.321002,1
65920,2020-07-13 22:52:38,676314217768,"fraud_Hyatt, Russel and Gleichner",health_fitness,18.35,Ellen,Carrillo,F,9431 Amanda Mills,Odessa,MO,64076,38.9829,-93.9757,9512,Clinical research associate,1972-12-31,a6bd4f7585782a1bca562bc5d8863494,1373755958,38.212745,-93.038614,1
447199,2020-12-07 21:32:10,30518196150127,fraud_Rau-Robel,kids_pets,18.72,Karen,Sullivan,F,6313 Scott Trace,Rossville,IL,60963,40.3625,-87.6692,1807,"Buyer, retail",1975-06-02,b1a56bfd9e7e4d12438cb726a5dce77a,1386451930,41.219249,-86.831122,1
181348,2020-08-24 02:35:51,4471568287204,fraud_Stracke-Lemke,grocery_pos,289.76,Dakota,Maldonado,M,369 Cochran Radial,Pelham,NC,27311,36.4899,-79.4736,3402,Insurance underwriter,1927-10-24,a2c7b3935faf28cc263a3fd3a6c2aa7a,1377311751,37.092267,-79.171126,1
111200,2020-07-29 19:39:53,6597248210463122,fraud_Bechtelar-Rippin,food_dining,56.49,Kyle,Wright,M,610 Samantha Park Suite 149,Whittemore,IA,50598,43.0261,-94.4064,912,Optometrist,1968-05-16,1d8736622312f5b894cffdced75a24dc,1375126793,43.433043,-95.272547,0
227886,2020-09-11 00:28:02,376656886990758,"fraud_Olson, Becker and Koch",gas_transport,13.32,Richard,Vance,M,169 Shelia Knoll Suite 753,Zavalla,TX,75980,31.1569,-94.3871,2836,"Designer, jewellery",1985-12-03,a3a562d19aea01e03d8f17063d2ba28a,1378859282,30.677115,-95.367869,1
243966,2020-09-17 23:16:33,342952484382519,fraud_Mayert Group,shopping_pos,949.38,Kayla,Jones,F,6033 Young Track Suite 804,East Canaan,CT,6024,42.0158,-73.2913,647,Comptroller,1987-09-26,7f20f401255649d194d0221d137786fd,1379459793,41.996012,-72.66404,1
285852,2020-10-06 01:56:37,4755696071492,fraud_Luettgen PLC,gas_transport,10.44,Robert,Evans,M,01892 Patricia Vista Apt. 828,Sachse,TX,75048,32.9643,-96.6012,20328,Site engineer,1985-06-20,d63b3eec2318844f003266934d608c7b,1381024597,32.185759999999995,-97.467629,1
500413,2020-12-20 03:08:59,3525590521269779,"fraud_Raynor, Reinger and Hagenes",gas_transport,125.29,Scott,Fuller,M,861 Karen Common,Haw River,NC,27258,36.0424,-79.3242,6006,Paramedic,1984-07-20,bc1f057f055a1392229825dd9182bcbc,1387508939,36.271604,-78.732975,0
26607,2020-06-30 03:16:01,3586008444788268,fraud_Wilkinson Ltd,entertainment,483.28,Crystal,Fuller,F,000 Jennifer Mills,Issaquah,WA,98027,47.4974,-122.0107,50489,Osteopath,1984-02-29,49d64edb852c5d9dc80541f9afe7dc02,1372562161,47.375404,-121.358143,1
236567,2020-09-14 16:41:37,4586260469584,fraud_Little-Gleichner,travel,1.99,Melody,Thompson,F,0362 Anderson Wall,Mound City,MO,64470,40.1362,-95.2138,1631,Architect,1953-01-20,01bd4fbe438be78421caa3d17226af73,1379176897,40.744775,-94.669183,1
422364,2020-12-01 23:57:13,3546897637165774,fraud_Streich Ltd,home,98.02,Kayla,Obrien,F,7921 Robert Port Suite 343,Prairie Hill,TX,76678,31.6591,-96.8094,263,Barrister,1956-05-30,2a44d1a51b2e8935be779441a8ebc02a,1385942233,31.108806,-96.583599,0
286059,2020-10-06 03:59:27,4562827002127,fraud_Bauch-Raynor,grocery_pos,53.53,Christopher,Johnson,M,28711 Kristine Junction Suite 309,Greenville,OH,45331,40.0987,-84.6342,22930,Media planner,1971-11-26,ba958895df2fae8c14d916be9c705a71,1381031967,40.443722,-84.370085,0
543054,2020-12-28 23:46:41,6011552879910390,fraud_Gerhold LLC,home,74.17,Robert,Long,M,529 Joshua Knoll Apt. 511,Lonetree,WY,82936,41.0552,-110.1603,49,Research scientist (physical sciences),1981-07-05,1f2852789c40dd036e50e02615b08fca,1388274401,40.171559,-109.488541,0
37218,2020-07-04 12:13:55,4797297220948468262,fraud_Pouros-Conroy,shopping_pos,1.87,Erica,Briggs,F,3310 Davidson Spurs Apt. 107,Oolitic,IN,47451,38.8938,-86.5246,1228,Counsellor,1991-03-13,8906e3f616c8a6f51d3a78611dab36e9,1372940035,38.673834,-87.406447,0
529703,2020-12-26 14:38:26,4450831335606294,fraud_Larkin Ltd,kids_pets,6.26,Donna,Davis,F,6760 Donovan Lakes,Clayton,OK,74536,34.5906,-95.38,1760,Occupational psychologist,1972-01-20,d4e7111078aa747a92c4baa65654f339,1388068706,34.015531,-95.640472,0
179747,2020-08-23 16:41:13,30082025922891,fraud_Fritsch LLC,travel,4052.46,Kathleen,Thompson,F,199 Patterson Fords Apt. 132,Naples,FL,34112,26.1184,-81.7361,276002,"Pilot, airline",1934-06-23,0ff5bab6ebc8dee11d25063e986a5b69,1377276073,25.203711,-82.189617,0
109499,2020-07-28 22:38:43,30290551782700,fraud_Kerluke PLC,misc_net,789.41,John,Clarke,M,27909 Peter Motorway,Cadiz,KY,42211,36.802,-87.8286,13422,Commissioning editor,1961-09-03,4e26e3ab4773b5cc585237e122e65a17,1375051123,36.12121,-87.131412,1
165199,2020-08-18 00:25:42,213112402583773,"fraud_Schoen, Kuphal and Nitzsche",grocery_pos,371.82,Ana,Howell,F,4664 Sanchez Common Suite 930,Bradley,SC,29819,34.0326,-82.2027,1523,Research scientist (physical sciences),1984-06-03,19ed9a900d2e4ee8bcd2ac7d95567f12,1376785542,34.136273,-81.87649300000001,1
194117,2020-08-28 16:29:16,6011975266774121,fraud_Auer-West,shopping_net,947.54,Haley,Wagner,F,05561 Farrell Crescent,Annapolis,MD,21405,39.0305,-76.5515,92106,"Accountant, chartered certified",1943-05-28,1adec8750b17210512daae73b4710ce9,1377707356,38.044191,-77.350847,1
509040,2020-12-21 15:59:04,30074693890476,"fraud_McLaughlin, Armstrong and Koepp",travel,7.24,Kelsey,Richards,F,889 Sarah Station Suite 624,Holcomb,KS,67851,37.9931,-100.9893,2691,Arboriculturist,1993-08-16,3b2290f5e2761b0bd03f3a37ee189337,1387641544,38.018243,-100.665003,0
177425,2020-08-22 22:02:37,30560609640617,fraud_Bogisich-Homenick,misc_net,996.21,Michael,Olson,M,558 Michael Estates,Luray,MO,63453,40.4931,-91.8912,519,Town planner,1966-02-13,4c230876398979d2ffa8d651dd19f81f,1377208957,41.33192,-92.311702,1
224279,2020-09-08 22:15:18,570273151375,fraud_Miller-Hauck,grocery_pos,321.51,Peter,Edwards,M,96122 Steven Flat,Allentown,GA,31003,32.6064,-83.2095,112,"Lecturer, higher education",1965-02-03,f9d56e3a0ceb2f7a8fc856f740d2a1fd,1378678518,33.243766,-83.178324,1
371703,2020-11-12 22:27:23,30242921189660,"fraud_Bernier, Volkman and Hoeger",misc_net,684.72,Dalton,Jones,M,3304 Hernandez Run,Afton,MI,49705,45.3637,-84.4695,937,Technical brewer,1958-04-06,b34bbc5d5970e6b8643452db53338d5b,1384295243,45.802949,-85.301461,1
234288,2020-09-13 22:23:19,4586260469584,fraud_Hyatt-Blick,travel,8.49,Melody,Thompson,F,0362 Anderson Wall,Mound City,MO,64470,40.1362,-95.2138,1631,Architect,1953-01-20,26e4d9d3b7702dfbec180c125c5ae463,1379110999,40.191854,-94.892174,1
273050,2020-09-30 07:18:02,180020605265701,"fraud_Reilly, Heaney and Cole",gas_transport,11.5,John,Lewis,M,7908 Derrick Mount,Morrowville,KS,66958,39.8616,-97.1825,314,Chemical engineer,2002-03-17,d417f917b6d0cef4b3d5d1e0407c367f,1380525482,40.612081,-97.017175,1
460091,2020-12-10 20:55:41,3534330126107879,fraud_Dibbert and Sons,entertainment,78.01,Jeffrey,Smith,M,713 Scott Pike Apt. 712,Bridger,MT,59014,45.2857,-108.9082,1446,Chartered loss adjuster,1978-01-15,0f35c04923fcd874a01c5ef4ae578075,1386708941,45.209057,-108.155036,0
417169,2020-12-01 04:54:59,2712209726293386,fraud_Corwin-Gorczany,misc_net,7.49,Jenna,Brooks,F,50872 Alex Plain Suite 088,Baton Rouge,LA,70808,30.4066,-91.1468,378909,"Designer, furniture",1977-02-22,6e2a5acdf2c091dcba1d1604177f755e,1385873699,30.689142,-91.894519,0
473535,2020-12-14 00:27:21,3575789281659026,"fraud_Zieme, Bode and Dooley",gas_transport,58.8,Lindsay,Wilson,F,7618 Gonzales Mission,Centerview,MO,64019,38.7897,-93.8702,2368,Electronics engineer,1989-07-17,364ae3163a286b722278bd86dee4b997,1386980841,39.395374,-93.666682,0
496197,2020-12-19 00:16:11,374125201044065,fraud_Cartwright-Harris,grocery_pos,315.1,Christopher,Gilbert,M,20937 Reed Lakes Apt. 271,Washington,DC,20012,38.9757,-77.0282,601723,"Optician, dispensing",1970-07-20,28539557e3b3116d77e59b50ca644752,1387412171,39.524672,-76.395946,1
253900,2020-09-22 02:02:46,60487002085,fraud_Cole PLC,grocery_pos,292.54,David,White,M,66234 Hall Lock Suite 758,Jackson,MS,39211,32.3739,-90.1293,233060,"Horticulturist, commercial",1972-08-15,71947f267041e351822e89a4d10c9ee4,1379815366,33.160571000000004,-89.314908,1
133681,2020-08-07 02:40:13,4518350514020532,fraud_Deckow-O'Conner,grocery_pos,329.02,Christopher,Gregory,M,9579 Porter Tunnel,Wauchula,FL,33873,27.5517,-81.8074,14742,Teaching laboratory technician,1993-02-26,a26df664f5745f3170d42e4687ba216b,1375843213,26.769535,-81.91730600000001,1
355558,2020-11-05 22:21:55,30491348102802,fraud_Mohr-Bayer,shopping_net,823.34,Tommy,Dixon,M,8829 Steele Station,Dresden,KS,67635,39.6094,-100.4112,169,"Librarian, public",1953-07-30,da02de372f115fa20c3b249e8ba5d06f,1383690115,39.108767,-100.582626,1
473378,2020-12-13 23:47:56,4607072969078276,fraud_Adams-Barrows,health_fitness,19.86,Brenda,Perez,F,033 Tara Brook Suite 523,Coyle,OK,73027,35.8985,-97.2607,1493,Amenity horticulturist,1985-03-21,a0d54aedbccbe91ce09b6250ee188b68,1386978476,35.953568,-97.58238,1
186611,2020-08-25 12:46:22,4951647200979051,fraud_Mohr-Bayer,shopping_net,4.03,Kimberly,Miller,F,75533 Tamara Valleys,Logan,IL,62856,37.9943,-88.9417,324,"Scientist, research (physical sciences)",1976-06-15,be9266fb618f56bd66b1bb1dac42a013,1377434782,38.058095,-88.060524,0
206670,2020-09-01 14:28:12,3513618443244549,"fraud_Hartmann, Rowe and Hermann",travel,4.52,Amber,Perez,F,954 Reyes Ways,Fulton,SD,57340,43.7588,-97.8712,355,Financial adviser,1955-06-26,bfa9556b8d430ee8b5dfdfa6ed5b3584,1378045692,44.739759,-97.297857,0
222415,2020-09-08 08:43:01,6011893664860915,fraud_Kuhic Inc,grocery_pos,237.49,Erin,Chavez,F,3379 Williams Common,Littleton,CO,80120,39.5994,-105.0044,320420,Water engineer,1975-07-31,469c15eff0a7623d32c8dae4f6c201ca,1378629781,38.876683,-104.844967,0
260134,2020-09-25 03:06:28,4427805710168,fraud_Friesen-Stamm,gas_transport,12.08,Michelle,Rodriguez,F,1742 Brandon Squares Apt. 461,Ruidoso,NM,88355,33.3305,-105.6933,8874,Licensed conveyancer,2000-08-16,cb0326122ad0815e38c340632a0169cf,1380078388,34.062263,-106.413186,1
441315,2020-12-06 23:17:55,30518196150127,"fraud_Bahringer, Osinski and Block",food_dining,133.43,Karen,Sullivan,F,6313 Scott Trace,Rossville,IL,60963,40.3625,-87.6692,1807,"Buyer, retail",1975-06-02,33524f43079f94dd9f657ca2577575a6,1386371875,40.8023,-87.77994100000001,1
540347,2020-12-28 15:14:01,6597248210463122,fraud_White and Sons,home,15.18,Kyle,Wright,M,610 Samantha Park Suite 149,Whittemore,IA,50598,43.0261,-94.4064,912,Optometrist,1968-05-16,942f7507aa34c7f73495157e2664632d,1388243641,43.639072,-95.35993,0
331370,2020-10-26 10:30:57,30442439074871,fraud_Gutmann Ltd,grocery_net,38.71,Linda,Sanchez,F,6574 William Hill Apt. 375,Jermyn,PA,18433,41.5744,-75.5881,6508,Training and development officer,1981-06-22,657dfb1b032419d1366bfac330d5b070,1382783457,42.272529,-76.477362,0
498027,2020-12-19 14:20:21,3590736522064285,"fraud_Reichert, Huels and Hoppe",shopping_net,6.12,Kimberly,Gonzalez,F,72966 Shannon Pass Apt. 391,Bauxite,AR,72011,34.5091,-92.4828,4074,"Scientist, audiological",1975-12-20,f02a3408d39a3d5a284f3e6fea346b99,1387462821,35.241639,-93.103799,0
485543,2020-12-15 22:53:17,213161293389774,"fraud_Crist, Jakubowski and Littel",home,139.16,Catherine,Weber,F,74890 Rodriguez Springs Apt. 540,West Henrietta,NY,14586,43.0397,-77.6871,10256,"Teacher, primary school",1968-06-24,27e0fb0ba04b79cc6401512c81c7ea53,1387147997,42.211302,-76.812304,0
221854,2020-09-08 03:14:15,3597926034019603,"fraud_Mosciski, Gislason and Mertz",grocery_pos,281.61,Derrick,Flores,M,83690 Nicholas Ports Apt. 846,Oakland,TN,38060,35.2229,-89.5518,9496,Furniture conservator/restorer,1993-03-23,22116bf91d76491dc7a01ae1308b0039,1378610055,34.307678,-89.457954,1
173425,2020-08-21 04:41:56,4562827002127,fraud_Auer-Mosciski,grocery_pos,45.69,Christopher,Johnson,M,28711 Kristine Junction Suite 309,Greenville,OH,45331,40.0987,-84.6342,22930,Media planner,1971-11-26,22fffbbbfd04258adf7c66ea386565e7,1377060116,40.646861,-85.60113100000001,0
231940,2020-09-13 02:29:59,501802953619,"fraud_Schoen, Kuphal and Nitzsche",grocery_pos,115.31,Robert,Flores,M,3277 Fields Meadows Apt. 790,Greenview,CA,96037,41.5403,-122.9366,308,Call centre manager,1958-09-20,f2ee7bb6f3ca4eb28911acb4efdc3e29,1379039399,40.881201,-123.393466,0
152374,2020-08-13 13:45:34,374497717543058,"fraud_Willms, Kris and Bergnaum",shopping_pos,889.94,Linda,Hurst,F,31701 Tucker Square Suite 893,Wilton,ND,58579,47.1709,-100.7944,1190,"Designer, ceramics/pottery",1948-06-30,6f9df9491a64611c4d6f120b11fa19cd,1376401534,47.525855,-100.970657,1
243569,2020-09-17 18:42:04,3576431665303017,fraud_Bednar Inc,travel,3.53,Jessica,Ward,F,72269 Elizabeth Field Apt. 132,Phoenix,AZ,85020,33.5623,-112.0559,1312922,Contractor,1981-10-24,4acd29ecf0af9782cc26fd91e2b1b1d2,1379443324,33.524956,-112.376732,0
185123,2020-08-25 00:47:33,4512828414983801773,fraud_Miller-Hauck,grocery_pos,336.64,Monica,Cohen,F,864 Reynolds Plains,Uledi,PA,15484,39.8936,-79.7856,328,Tree surgeon,1983-07-25,01c40a2b1142bbbca8e0d6e173fe48ab,1377391653,40.259102,-80.359262,1
327826,2020-10-25 03:24:29,4599285557366057,fraud_O'Keefe-Hudson,grocery_pos,310.37,Mary,Williams,F,00315 Ashley Valleys,Burrton,KS,67020,38.0261,-97.6666,1689,Gaffer,1997-11-18,316c009ec5c6c13de10869b9f8926ebc,1382671469,37.497359,-96.755223,1
168672,2020-08-18 22:26:44,213112402583773,fraud_Schumm PLC,health_fitness,23.06,Ana,Howell,F,4664 Sanchez Common Suite 930,Bradley,SC,29819,34.0326,-82.2027,1523,Research scientist (physical sciences),1984-06-03,ecc68274b518cac8c85746c53d1b5cf9,1376864804,33.616962,-82.509622,1
156225,2020-08-15 07:43:09,3564839259330465,fraud_Hamill-Daugherty,misc_net,375.5,Robert,Ashley,M,1250 Christopher Prairie Suite 016,Port Costa,CA,94569,38.046,-122.1866,198,Armed forces training and education officer,1959-03-31,54397c5eeff42610214289f125478adc,1376552589,37.725732,-122.655774,0
327216,2020-10-24 20:25:22,4599285557366057,"fraud_Reichert, Shanahan and Hayes",shopping_net,1140.88,Mary,Williams,F,00315 Ashley Valleys,Burrton,KS,67020,38.0261,-97.6666,1689,Gaffer,1997-11-18,93f5d23515f0e7b79ffa206878839c78,1382646322,38.541845,-97.111516,1
226013,2020-09-09 23:23:47,4173950183554608,fraud_Heathcote LLC,shopping_net,1102.11,Stephen,Marshall,M,47144 Roberts Keys,Monmouth Beach,NJ,7750,40.333,-73.9809,3279,Health promotion specialist,1978-10-05,6f6b169e644566fd9757273154f5fde4,1378769027,39.767952,-73.425789,1
217095,2020-09-06 15:14:11,2720830304681674,fraud_Botsford PLC,home,66.54,Melissa,Aguilar,F,21326 Taylor Squares Suite 708,Clarksville,TN,37040,36.522,-87.34899999999999,151785,Pathologist,1974-03-28,438fcd0549b69d5eaea45501335b3745,1378480451,37.246987,-86.967221,0
26088,2020-06-29 23:38:00,4761403817546679245,fraud_Pacocha-Weissnat,kids_pets,20.53,Diana,Jacobs,F,69608 Perez Mountain Apt. 006,Viola,AR,72583,36.3924,-91.9932,1679,Psychiatric nurse,1986-05-02,c4e3ebb2bca77ccca9b9df8502d90c62,1372549080,36.34707,-92.601754,1
238491,2020-09-15 06:51:03,4229733778084049,"fraud_Kerluke, Kertzmann and Wiza",misc_net,886.04,Tyler,Mills,M,7838 Jason Squares,Elizabethtown,KY,42701,37.6848,-85.8784,48194,Surgeon,1990-05-03,26de4cb73bfc118e0b219c8b5c26b4b2,1379227863,37.586916,-86.07278000000001,1
24286,2020-06-29 14:50:46,4099707841315751,fraud_Reynolds-Schinner,misc_pos,8.59,James,Stephens,M,1166 Castillo Mountains,Ruckersville,VA,22968,38.2586,-78.4074,9815,"Designer, ceramics/pottery",1975-07-07,0b7f979366231b6248758d254149fa71,1372517446,37.65822,-78.179271,0
501730,2020-12-20 10:49:09,3597337756918966,fraud_Kihn-Fritsch,food_dining,11.3,Linda,Gonzalez,F,17667 Price Spur Apt. 366,Glen Rock,PA,17327,39.7813,-76.7477,7565,Insurance claims handler,1952-03-08,544319b4aa59cc4d3d52789c6ed39da2,1387536549,39.002021,-77.65545300000001,0
259778,2020-09-24 22:14:46,30270432095985,"fraud_Hermiston, Russel and Price",food_dining,119.06,Lisa,Lin,F,908 Brooks Brook,Lomax,IL,61454,40.6761,-91.0391,725,Environmental consultant,1972-11-28,6fa8a87afacdc46dca4980b46ba6bca6,1380060886,41.499391,-91.728548,1
496267,2020-12-19 00:48:42,374125201044065,fraud_Murray-Smitham,grocery_pos,297.87,Christopher,Gilbert,M,20937 Reed Lakes Apt. 271,Washington,DC,20012,38.9757,-77.0282,601723,"Optician, dispensing",1970-07-20,9282a84cbc4e1a0617aa7742c5080b9c,1387414122,38.870956,-76.05812,1
413432,2020-11-30 15:57:41,6534628260579800,"fraud_Boehm, Predovic and Reinger",misc_pos,2.72,Christine,Harris,F,29606 Martinez Views Suite 653,Hinesburg,VT,5461,44.3346,-73.098,4542,Claims inspector/assessor,1998-03-19,bb208276b767f1f66bc358dca717fdf3,1385827061,43.890998,-73.966132,0
283622,2020-10-05 11:12:37,378858024506425,"fraud_Kuhic, Bins and Pfeffer",shopping_net,1.51,Debra,Eaton,F,72743 Brian Run,Paradise Valley,AZ,85253,33.5494,-111.9565,17047,Building surveyor,1935-01-29,54b5c87125217122619c617381730140,1380971557,34.290265000000005,-111.089885,0
211977,2020-09-04 03:07:03,341283058448499,fraud_Cummings LLC,gas_transport,19.47,Mario,Johns,M,62130 Miller Square Suite 785,Brinson,GA,39825,30.9788,-84.7373,1461,"Engineer, broadcasting (operations)",1935-09-08,f795ce49fbcb78f099f1cc5363bc902f,1378264023,30.461456,-85.399953,1
26129,2020-06-29 23:50:24,2712209726293386,"fraud_Turcotte, Batz and Buckridge",health_fitness,31.99,Jenna,Brooks,F,50872 Alex Plain Suite 088,Baton Rouge,LA,70808,30.4066,-91.1468,378909,"Designer, furniture",1977-02-22,d88a9992bf4c8d1eeeab270ada988691,1372549824,30.92295,-90.690926,0
307710,2020-10-15 22:04:23,3501942333500073,fraud_Nolan-Williamson,kids_pets,20.61,Lori,Bishop,F,08056 Alvarado Club Suite 699,Phoenix,AZ,85086,33.8155,-112.1202,1312922,Counselling psychologist,1999-11-30,1982cc1d3d7c2663773da4add26d2007,1381874663,33.259509,-111.985701,1
442906,2020-12-07 06:35:12,3517814635263522,fraud_Price Inc,shopping_net,5.78,William,Cannon,M,43809 Kenneth Circles Suite 152,Union,WV,24983,37.5802,-80.5248,2443,Chartered public finance accountant,1941-10-16,df0de4aaf66952e3bfe046c934c64f70,1386398112,36.67157,-80.119578,0
285522,2020-10-05 23:07:29,2297447006766555,"fraud_Romaguera, Cruickshank and Greenholt",shopping_net,954.73,Laura,Walker,F,611 Michael Rue,Cisco,IL,61830,39.9972,-88.6962,478,Landscape architect,1960-01-13,f8fe6742c1f8e71bbd3fd387e2f016c5,1381014449,40.763781,-87.97326,1
542060,2020-12-28 20:37:52,2719496466799416,"fraud_Hahn, Bahringer and McLaughlin",personal_care,9.1,Sheila,Baker,F,8030 Walker Heights,Belle Fourche,SD,57717,44.6723,-103.8396,8007,Hospital pharmacist,1940-09-17,094c04f495e49d34112fd14b21c214f6,1388263072,45.390814,-103.069197,0
368457,2020-11-10 22:37:46,4103158249977,fraud_Medhurst PLC,shopping_net,937.47,Christopher,Adkins,M,3512 Knight Center,Lorenzo,TX,79343,33.6666,-101.5277,1571,Petroleum engineer,1982-06-27,8f5df4cdc8a1222d1545314e88bb04e4,1384123066,34.363187,-100.772046,1
40955,2020-07-05 17:48:10,376028110684021,fraud_Schumm PLC,health_fitness,77.6,Aaron,Murray,M,624 Hale Springs Apt. 572,Meadville,MO,64659,39.7795,-93.3014,964,Tourist information centre manager,1974-12-23,b300bb8f9aa01d9f70e48b85a7906cad,1373046490,38.989201,-93.18887,0
305879,2020-10-14 20:07:19,4129767952109660,"fraud_Hauck, Dietrich and Funk",kids_pets,16.75,Cheryl,Ballard,F,248 James Squares Apt. 838,Halstad,MN,56548,47.3551,-96.798,771,"Scientist, audiological",1972-06-14,046478885da9ca310e5d336f1f4e5c2d,1381781239,47.432818,-97.666585,1
327881,2020-10-25 03:59:34,4599285557366057,fraud_Kiehn Inc,grocery_pos,336.84,Mary,Williams,F,00315 Ashley Valleys,Burrton,KS,67020,38.0261,-97.6666,1689,Gaffer,1997-11-18,d7426d345bf54c4246938c3ae0a9099d,1382673574,38.516969,-97.398698,1
241078,2020-09-16 03:30:59,342952484382519,fraud_Stamm-Witting,shopping_net,833.88,Kayla,Jones,F,6033 Young Track Suite 804,East Canaan,CT,6024,42.0158,-73.2913,647,Comptroller,1987-09-26,f003e39e2460b84ff49a4abce23ab723,1379302259,42.703154,-73.645821,1
415152,2020-11-30 20:57:28,373905417449658,"fraud_Prosacco, Kreiger and Kovacek",home,37.43,Sarah,Bishop,F,554 Mcdonald Valley Apt. 539,Meridian,TX,76665,31.929,-97.6443,2526,Phytotherapist,1970-11-12,97eacbdca84d1bdd86befe7be2d899f3,1385845048,32.724141,-97.773561,0
387605,2020-11-19 23:16:34,4066595222529,"fraud_Ritchie, Oberbrunner and Cremin",travel,9.03,Jamie,Olson,F,3423 Michael Canyon Suite 276,River,KY,41254,37.8795,-82.7251,571,Quarry manager,1931-03-07,653440bdbbeaa16532c974035c82a4ef,1384902994,38.580916,-81.725325,1
31084,2020-07-01 15:21:14,3586008444788268,"fraud_Bahringer, Bergnaum and Quitzon",home,232.25,Crystal,Fuller,F,000 Jennifer Mills,Issaquah,WA,98027,47.4974,-122.0107,50489,Osteopath,1984-02-29,15b897bf56a8d38a3b203a546e0ffedf,1372692074,48.472294,-121.312176,1
21747,2020-06-28 22:21:29,3573386445588324,fraud_Gerlach Inc,shopping_net,1051.14,Stephanie,Murphy,F,526 Stacy Walks,Barnard,SD,57426,45.7205,-98.5534,63,Systems developer,1969-10-30,64e62a158d8caaa54ad30e767fd8cab3,1372458089,46.45845,-98.578936,1
185216,2020-08-25 01:22:24,4119762878330989,"fraud_Casper, Hand and Zulauf",grocery_pos,289.38,Melinda,Gutierrez,F,1497 West Gateway,Eureka,IL,61530,40.7152,-89.2706,6713,Archivist,1945-08-19,5ed0b6ebf3a7c36bb0e0e08dc8266f3c,1377393744,40.600096,-89.576626,1
29894,2020-06-30 23:16:18,3528231451607350,"fraud_Romaguera, Cruickshank and Greenholt",shopping_net,970.38,Lauren,Moreno,F,83719 Wilson Shore,Heislerville,NJ,8324,39.224,-74.9942,526,Exercise physiologist,1940-09-06,11f1ae917c13c725aa0843ec04ef447b,1372634178,39.403926,-74.773576,1
277804,2020-10-03 00:04:38,347399333635231,fraud_Miller-Hauck,grocery_pos,302.65,Stephanie,Allen,F,13128 Hall Station Suite 588,Seligman,MO,65745,36.5276,-93.9359,2693,"Engineer, biomedical",1968-02-05,4a8d755070350d4a32e54a3cee8feb7a,1380758678,37.058973,-93.754921,1
172361,2020-08-20 17:48:12,2706977570537524,fraud_Beier-Hyatt,shopping_pos,132.69,David,Serrano,M,4739 Martin Common,Zaleski,OH,45698,39.283,-82.3977,341,Accounting technician,1978-12-18,44e58f0ca9ffa0e3d07b748f9788151a,1377020892,40.255658,-82.948614,0
87841,2020-07-21 13:17:52,4239552724014407,"fraud_Schiller, Blanda and Johnson",home,15.32,Carl,Hernandez,M,9134 Darryl Flat Suite 916,Paulding,OH,45879,41.141000000000005,-84.5722,6284,Secondary school teacher,1936-03-27,26d71c78a9237bc35009404fb9fdc879,1374412672,40.197967,-84.301988,0
298961,2020-10-12 05:06:55,4601636330889,fraud_Kunde-Sanford,misc_net,3.91,Mark,Rivera,M,383 Contreras Hills Suite 658,Humble,TX,77338,30.0041,-95.2825,194500,Tax adviser,1990-12-18,d0c1eb8d5f33cd28e1bb868cafd2f95c,1381554415,29.972595,-95.844394,0
248983,2020-09-20 12:35:25,6597888193422452,fraud_Streich Ltd,home,35.26,Bill,Lane,M,4725 Hurst Curve Apt. 634,Holliday,TX,76366,33.6751,-98.6576,2317,Chief Technology Officer,1964-08-23,ec406223af21cf0ba7a03613ac575da3,1379680525,34.077099,-97.903901,0
221629,2020-09-08 01:01:54,570273151375,fraud_Lockman Ltd,grocery_pos,363.98,Peter,Edwards,M,96122 Steven Flat,Allentown,GA,31003,32.6064,-83.2095,112,"Lecturer, higher education",1965-02-03,27b9c817943e31876759e6efc50a466d,1378602114,32.637526,-83.836685,1
336601,2020-10-27 23:54:05,573283817795,fraud_Bogisich-Homenick,misc_net,859.65,Amy,Flynn,F,46095 Tara Fords,Jaffrey,NH,3452,42.8178,-72.0275,5457,"Surveyor, hydrographic",1950-04-17,685db86ce0a2e8fe864dbf40450c9181,1382918045,43.601365,-72.52595600000001,1
125646,2020-08-03 23:33:26,2358122155477959,fraud_Sporer-Keebler,personal_care,18.29,Mike,Tran,M,17355 Mendoza Bypass Suite 059,Linthicum Heights,MD,21090,39.2092,-76.6681,9784,"Conservator, furniture",1924-10-30,281a9765dc7f9ea05fa96773ff7b7518,1375572806,39.393009,-75.779771,1
516616,2020-12-22 20:04:18,6011367958204270,fraud_Kutch-Wilderman,home,142.53,Tammy,Ayers,F,1652 James Mews,Hinckley,OH,44233,41.2419,-81.7453,7646,Medical sales representative,1988-09-15,998ea625b146ac93754a010f55652950,1387742658,42.021956,-82.086333,0
30289,2020-07-01 03:52:51,3586008444788268,fraud_Bashirian Group,shopping_net,1001.99,Crystal,Fuller,F,000 Jennifer Mills,Issaquah,WA,98027,47.4974,-122.0107,50489,Osteopath,1984-02-29,c41ee8fafceb3d02a63ef5f5a988f5f2,1372650771,47.402638,-122.645785,1
462544,2020-12-11 14:19:33,675990301623,fraud_Price Inc,shopping_net,6.85,Amanda,Spencer,F,6682 Green Forks,Ogdensburg,NJ,7439,41.0767,-74.5982,2456,Senior tax professional/tax inspector,1994-03-13,d41cb2e759c3a8a97003884607ea75cc,1386771573,41.125131,-73.675593,0
280617,2020-10-04 09:52:49,4512828414983801773,fraud_Huels-Nolan,gas_transport,47.07,Monica,Cohen,F,864 Reynolds Plains,Uledi,PA,15484,39.8936,-79.7856,328,Tree surgeon,1983-07-25,e11db1e5cca5b7fcbc02862fd23c5d16,1380880369,40.425604,-79.958907,0
325873,2020-10-24 01:37:25,4740713119940984,fraud_Bauch-Raynor,grocery_pos,300.9,Heather,Hines,F,13776 Hicks Plains,Pomona,NY,10970,41.1901,-74.0436,9993,Pensions consultant,1962-10-16,2a0e36b6df923d835d71e5ac0ec1aab8,1382578645,41.712849,-73.49960899999999,1
485148,2020-12-15 21:37:37,6011492816282597,fraud_Schumm PLC,shopping_net,1065.89,Gary,Barnes,M,2970 Flores Brooks,Smackover,AR,71762,33.3398,-92.7442,2501,Financial adviser,1986-06-11,64d951d57294b97baf576ba8f08b71a2,1387143457,32.83108,-93.199649,1
85715,2020-07-20 22:18:56,4225990116481262579,"fraud_Swaniawski, Lowe and Robel",shopping_pos,981.64,Brian,Simpson,M,2711 Duran Pines,Honokaa,HI,96727,20.0827,-155.488,4878,Physiotherapist,1966-12-03,4e53601ea55e6cc353139314d4ead668,1374358736,19.607092,-155.217781,1
373617,2020-11-13 23:06:51,30487648872433,fraud_Kris-Weimann,misc_net,876.63,Stephanie,Crane,F,144 Martinez Curve,Central,IN,47110,38.097,-86.1723,350,Counsellor,1955-01-05,cf2e5f906d97daacf82e51b7dc8b0d34,1384384011,37.144762,-85.256488,1
403549,2020-11-27 03:24:13,5410056176712193,"fraud_Heller, Gutmann and Zieme",grocery_pos,284.31,Jeffrey,Krause,M,4742 Alexandria Mountain,New Franken,WI,54229,44.5592,-87.8235,4306,Art therapist,1989-10-19,10445412dee774dae461af02e040612c,1385522653,43.620158,-87.463476,1
384463,2020-11-17 23:43:28,6011860238257910,"fraud_Gutmann, McLaughlin and Wiza",home,73.76,Lisa,Mendez,F,44259 Beth Station Suite 215,Lahoma,OK,73754,36.385,-98.0727,1078,"Programme researcher, broadcasting/film/video",1952-07-06,3ee1741335c978e430abcee0477de2a2,1384731808,36.648679,-98.844679,0
293914,2020-10-10 02:32:27,4474324669797121,"fraud_Bernhard, Grant and Langworth",shopping_pos,8.89,Matthew,Russell,M,168 Michael Coves Suite 343,June Lake,CA,93529,37.7773,-119.0825,633,Health service manager,1927-09-09,dc0834a6fbb0f511f9268ebb2e760d50,1381372347,38.166797,-118.398598,0
8761,2020-06-23 17:45:22,3525590521269779,fraud_Bahringer Group,health_fitness,108.33,Scott,Fuller,M,861 Karen Common,Haw River,NC,27258,36.0424,-79.3242,6006,Paramedic,1984-07-20,e70f1b3f1a07b94c6537bd141268bcc7,1372009522,35.15457,-79.32387299999999,0
78851,2020-07-19 02:35:09,4428780983793657331,fraud_Mraz-Herzog,gas_transport,11.61,Richard,Waters,M,7683 Natasha Way Apt. 945,Waukesha,WI,53186,42.9993,-88.2196,95015,"Therapist, occupational",1946-01-02,031dd9029aed8851e98fbd640f5fd43d,1374201309,43.659984,-88.720395,1
36135,2020-07-03 23:13:05,3540416671210051,fraud_Kuphal-Bartoletti,misc_net,912.89,Stephanie,Freeman,F,44613 James Turnpike,Rice,MN,56367,45.7364,-94.1658,6263,"Engineer, water",1944-05-30,b246893ff833555b1047f500918497e3,1372893185,45.958943,-94.553793,1
235662,2020-09-14 11:09:59,6011149206456997,"fraud_Boehm, Block and Jakubowski",misc_pos,36.37,Jeffrey,White,M,8617 Holmes Terrace Suite 651,Tuscarora,MD,21790,39.2667,-77.5101,100,"Production assistant, television",1979-12-11,d7d2cc52b0a437b9206212933224186a,1379156999,38.587808,-77.756919,0
517341,2020-12-22 22:31:48,2242176657877538,"fraud_Mosciski, Ziemann and Farrell",shopping_net,1039.42,Travis,Daniel,M,1327 Rose Causeway Apt. 610,Senatobia,MS,38668,34.6323,-89.8855,14462,Database administrator,1959-03-03,25b076c7bcd70f272c1c5326bb234f4b,1387751508,34.628434000000006,-90.28478,1
185049,2020-08-25 00:13:33,4658490815480264,fraud_DuBuque LLC,grocery_pos,339.6,Tara,Richards,F,4879 Cristina Station,Keisterville,PA,15449,39.9636,-79.7853,184,Systems developer,1945-11-04,b2d1652684ee10e2c9611c03ec89bbad,1377389613,40.916675,-79.04914000000001,1
445041,2020-12-07 14:57:40,3596357274378601,fraud_Berge-Ullrich,home,29.08,David,Everett,M,4138 David Fall,Morrisdale,PA,16858,41.0001,-78.2357,3688,Advice worker,1973-05-27,c3c7f4ebee66f1fbea97c50c9a415b6b,1386428260,41.441715,-77.534594,0
234401,2020-09-13 23:09:52,213161293389774,"fraud_Mosciski, Ziemann and Farrell",shopping_net,961.84,Catherine,Weber,F,74890 Rodriguez Springs Apt. 540,West Henrietta,NY,14586,43.0397,-77.6871,10256,"Teacher, primary school",1968-06-24,d6613454bd6e12d280bff38bb7672810,1379113792,42.398491,-77.857168,1
499585,2020-12-19 22:22:55,374125201044065,fraud_Klocko LLC,misc_net,831.86,Christopher,Gilbert,M,20937 Reed Lakes Apt. 271,Washington,DC,20012,38.9757,-77.0282,601723,"Optician, dispensing",1970-07-20,a113a052ea81949175e2db4679743537,1387491775,38.994232,-76.757242,1
137719,2020-08-08 20:10:30,4292902571056973207,fraud_Maggio-Fahey,misc_pos,95.15,Jeffrey,Smith,M,135 Joseph Mountains,Sula,MT,59871,45.8433,-113.8748,218,"Therapist, horticultural",1995-08-16,234c0c6d70beab3c4c51d5819b6cdf4d,1375992630,45.802327000000005,-114.331907,0
453717,2020-12-08 22:35:59,3545109339866548,fraud_Hills-Witting,shopping_net,1115.54,Keith,Sanders,M,8030 Beck Motorway,Moorhead,MS,38761,33.4783,-90.5142,2870,Chartered public finance accountant,1999-03-05,61875702319a2189aa6534c47e3b3905,1386542159,33.559543,-90.727481,1
36334,2020-07-04 01:30:56,3589255887819806,fraud_Bednar Group,misc_net,685.26,David,Miller,M,622 Bradley Knoll Apt. 758,Hancock,MD,21750,39.6991,-78.1762,3766,Press photographer,1984-02-14,4ec394c1ee618630a9b35d47653000bf,1372901456,39.093353,-78.094325,1
419053,2020-12-01 13:34:09,3593118134380341,fraud_Rolfson-Kunde,personal_care,57.68,Laura,Casey,F,6114 Moran Way,Steuben,ME,4680,44.4971,-67.9503,1131,Make,1959-05-10,20fdb31d02e43d33e3cc5dfd8c4cae30,1385904849,44.483985,-68.891338,0
428902,2020-12-04 02:04:28,213156747557083,fraud_Bins-Rice,gas_transport,9.79,Adam,Santos,M,725 Jo Trace Apt. 102,Glendale,CA,91206,34.1556,-118.2322,172817,Advertising account planner,1982-07-30,ae9414001129089d2309922b8bcfb7a6,1386122668,34.698064,-118.151516,1
190676,2020-08-27 00:52:20,6011975266774121,fraud_Kilback LLC,grocery_pos,293.25,Haley,Wagner,F,05561 Farrell Crescent,Annapolis,MD,21405,39.0305,-76.5515,92106,"Accountant, chartered certified",1943-05-28,f4c44dba5f1f2a03dd41a5365e1196a5,1377564740,39.712247,-77.370082,1
204641,2020-08-31 23:52:22,6596735789587928,fraud_Torphy-Kertzmann,health_fitness,25.43,Spencer,Williams,M,1145 Tony Drive Suite 080,Watertown,MN,55388,44.9595,-93.8482,5619,Licensed conveyancer,1959-01-15,4158e2cf46f4160422324f433bb1998f,1377993142,45.410151,-93.372839,1
294879,2020-10-10 15:46:10,639023984367,fraud_Kilback LLC,food_dining,9.23,Destiny,Lowe,F,79472 Stevens Trace Apt. 120,Hannawa Falls,NY,13647,44.6087,-74.9732,69,Chief Executive Officer,1991-06-05,a128d3140c1abfc4d03d45c7f05209df,1381419970,45.538179,-73.97994,0
26239,2020-06-30 00:27:19,571844099986,fraud_Bogisich Inc,grocery_pos,315.39,Susan,Mills,F,005 Cody Estates,Louisville,KY,40202,38.2507,-85.7476,736284,Engineering geologist,1952-04-02,db61932a533ba7ff64a37c40cb90c610,1372552039,37.478147,-86.731721,1
224548,2020-09-08 23:50:48,570273151375,fraud_Jast-McDermott,shopping_pos,872.35,Peter,Edwards,M,96122 Steven Flat,Allentown,GA,31003,32.6064,-83.2095,112,"Lecturer, higher education",1965-02-03,5b864f8834addb65da288ddf695bba2d,1378684248,33.007942,-82.98498000000001,1
313577,2020-10-18 18:20:54,4092452671396169678,"fraud_Witting, Beer and Ernser",home,32.44,Jeffrey,Vargas,M,478 Alexandria Mount,Bolton,NC,28423,34.3091,-78.3372,2290,"Engineer, biomedical",1945-12-07,dfc2cc8165a203d2c62e62bdbf1f6246,1382120454,34.30615,-77.882777,0
147823,2020-08-11 15:11:47,30082025922891,fraud_Champlin and Sons,home,28.5,Kathleen,Thompson,F,199 Patterson Fords Apt. 132,Naples,FL,34112,26.1184,-81.7361,276002,"Pilot, airline",1934-06-23,c28b135207f4525293a18267d7b2f6e7,1376233907,25.582956,-82.259332,0
284271,2020-10-05 15:27:19,370348764075623,"fraud_Medhurst, Cartwright and Ebert",personal_care,24.96,Christopher,Gomez,M,950 Dunn Squares,Tickfaw,LA,70466,30.5668,-90.482,8512,"Accountant, chartered public finance",1951-09-03,4612c69ae83b34efce70bf48b3eef138,1380986839,29.752535,-91.178048,0
263855,2020-09-27 02:00:51,6593939509150446,fraud_Wolf Inc,grocery_pos,371.94,Margaret,Ward,F,244 Jeffery Rapids,Azusa,CA,91702,34.1248,-117.9031,59705,Civil Service fast streamer,1983-06-23,fd54351c5e0e94e22b5ca482963d42f4,1380247251,33.692227,-118.47235,1
39145,2020-07-05 04:54:52,213156747557083,fraud_Bradtke PLC,grocery_pos,36.0,Adam,Santos,M,725 Jo Trace Apt. 102,Glendale,CA,91206,34.1556,-118.2322,172817,Advertising account planner,1982-07-30,d3e2949cdcd30d4014a5ab1461a5e09b,1373000092,33.96436,-118.286752,0
358533,2020-11-07 14:54:40,3500165543009955,fraud_Jacobi Inc,health_fitness,21.44,Ricky,Dunn,M,97689 Davis Point Apt. 967,Detroit,MI,48214,42.3669,-82.9938,673342,Health visitor,1983-09-02,34cfc819c655af5ff80f54594825dc9a,1383836080,42.960164,-82.411641,0
450096,2020-12-08 10:17:18,3545109339866548,fraud_Goodwin-Nitzsche,grocery_pos,286.92,Keith,Sanders,M,8030 Beck Motorway,Moorhead,MS,38761,33.4783,-90.5142,2870,Chartered public finance accountant,1999-03-05,98a4d9448beca0f023d7d27ce83f45d5,1386497838,32.80962,-90.521335,1
133672,2020-08-07 02:33:47,4518350514020532,fraud_Dooley-Thompson,misc_net,814.59,Christopher,Gregory,M,9579 Porter Tunnel,Wauchula,FL,33873,27.5517,-81.8074,14742,Teaching laboratory technician,1993-02-26,b9075ba1f52dbb4947b875d1c77f0c0b,1375842827,27.576053,-82.53643000000001,1
401805,2020-11-26 02:46:05,4505383113689,fraud_O'Keefe-Hudson,grocery_pos,326.38,Alicia,Hawkins,F,507 John Overpass Suite 424,Harwood,MD,20776,38.8582,-76.6145,3289,Quantity surveyor,1933-03-15,2a6deaed3377d9fda8b4972bb4fbdcc2,1385433965,39.341472,-76.36628,1
150384,2020-08-12 13:42:00,213102873001603,fraud_Dietrich-Fadel,health_fitness,12.63,Joanne,Padilla,F,477 Alejandro Knolls Suite 828,Gardiner,OR,97441,43.7857,-124.1437,260,"Engineer, maintenance",1956-09-01,8b4903633fcb7eb661e567f5ba5b6001,1376314920,43.489944,-124.515038,0
126547,2020-08-04 06:19:07,4560004149983868183,fraud_Wiza LLC,misc_pos,145.83,Stacy,Villegas,F,20581 Pena Walks,Colorado Springs,CO,80951,38.8881,-104.6556,525713,Museum/gallery exhibitions officer,1992-05-09,f18fccd75d3f436ac09beee264bba146,1375597147,39.838305,-104.088324,0
210273,2020-09-03 04:33:49,4229733778084049,fraud_Berge LLC,gas_transport,44.99,Tyler,Mills,M,7838 Jason Squares,Elizabethtown,KY,42701,37.6848,-85.8784,48194,Surgeon,1990-05-03,985ef0abe2040941469b153a2426ef4e,1378182829,38.446357,-85.713603,0
342885,2020-10-31 16:48:23,4102003771126577611,fraud_Bins-Tillman,entertainment,254.72,William,Fitzgerald,M,715 Courtney Pike Suite 932,Keller,TX,76248,32.9276,-97.2489,95035,Probation officer,1987-06-13,725ef36f9c022fc4c019ec0729e8f4e0,1383238103,33.577431,-96.896939,0
281220,2020-10-04 15:01:39,30011465039817,"fraud_Hintz, Bauch and Smith",health_fitness,26.34,Lisa,Garcia,F,213 Gill Expressway,Chatham,NY,12037,42.3496,-73.5873,4015,Human resources officer,1971-10-14,d638168d8bc11b82e5489ca11ad77e7b,1380898899,42.675619,-72.65088399999999,1
86261,2020-07-21 01:43:05,2268221587779419,fraud_Friesen Inc,shopping_pos,694.91,Peggy,Berry,F,517 Vasquez Lodge,Vancouver,WA,98665,45.6892,-122.6616,299480,Teaching laboratory technician,1985-01-02,c645750796d982e5e4d9b073769fc9ae,1374370985,44.932577,-123.071139,1
75874,2020-07-17 20:42:09,3575789281659026,fraud_Volkman PLC,food_dining,2.88,Lindsay,Wilson,F,7618 Gonzales Mission,Centerview,MO,64019,38.7897,-93.8702,2368,Electronics engineer,1989-07-17,0c4437277f8c2b1ef1e8934cd5ef7e91,1374093729,38.91237,-94.561161,0
378928,2020-11-16 07:03:59,6011231546538393,fraud_Rodriguez Group,gas_transport,89.19,Johnny,Bennett,M,321 Camacho Causeway,Boonton,NJ,7005,40.9115,-74.414,15269,"Psychologist, sport and exercise",1993-07-05,d69463756b37023970edd287dfa2c53c,1384585439,41.146164,-74.33234300000001,0
320283,2020-10-20 21:48:53,180036456789979,fraud_Cruickshank-Mills,entertainment,27.28,Mackenzie,Salazar,F,982 Melissa Lock,Bagley,WI,53801,42.9207,-91.0685,878,Risk analyst,1974-11-20,9e2521657c6144c2c495aeb8884727ce,1382305733,43.170258,-91.408666,0
190876,2020-08-27 03:45:17,583699482621,fraud_Kilback LLC,grocery_pos,278.02,Jennifer,Jones,F,5572 Kelly Plains Apt. 952,Waupaca,WI,54981,44.3481,-89.1101,15426,"Engineer, civil (contracting)",1936-07-22,192f99830922051021d248ed55ebef6a,1377575117,43.605674,-89.758216,1
330003,2020-10-25 22:15:44,180046617132290,fraud_Kunze Inc,grocery_pos,272.26,Erika,Mason,F,083 Karen Island Apt. 656,Goreville,IL,62939,37.575,-88.9655,3119,"Teacher, secondary school",1942-04-17,e68ded4d68b1213b5a95dbee5f566734,1382739344,38.323166,-88.36568100000001,1
282467,2020-10-04 23:51:58,3585052663373890,"fraud_Larson, Quitzon and Spencer",travel,3.77,Jeffery,Brown,M,296 Maria Street,West Eaton,NY,13484,42.8546,-75.6605,176,Science writer,1963-12-28,950c79c046735d4be013ccf121c05229,1380930718,42.660311,-76.351155,1
334064,2020-10-27 05:20:25,573283817795,fraud_Deckow-O'Conner,grocery_pos,325.1,Amy,Flynn,F,46095 Tara Fords,Jaffrey,NH,3452,42.8178,-72.0275,5457,"Surveyor, hydrographic",1950-04-17,0c91205e691c2606f5fa9b3cc429d12f,1382851225,43.358705,-72.26582900000001,1
501947,2020-12-20 11:57:23,373905417449658,fraud_Hackett-Lueilwitz,grocery_pos,205.48,Sarah,Bishop,F,554 Mcdonald Valley Apt. 539,Meridian,TX,76665,31.929,-97.6443,2526,Phytotherapist,1970-11-12,7da64c8da7e588e3685c9ded045522e0,1387540643,31.314576,-98.025519,0
145389,2020-08-10 22:41:39,2242542703101233,fraud_Reichel LLC,personal_care,4.79,Samuel,Jenkins,M,43235 Mckenzie Views Apt. 837,Westport,KY,40077,38.4921,-85.4524,564,Pensions consultant,1996-04-10,5f1231272f952315e6f5f9df7ca01230,1376174499,37.972039,-85.639769,0
425118,2020-12-02 22:26:14,3588001568691267,fraud_Kunde-Sanford,misc_net,745.05,Jason,Johnson,M,5942 Thomas Park,Craig,AK,99921,55.4732,-133.1171,1920,Commissioning editor,1997-06-17,4dcbabac2b9319533b45b3adb7e417f1,1386023174,56.134886,-132.392044,1
93626,2020-07-23 22:06:29,4195740185974,"fraud_Kerluke, Considine and Macejkovic",misc_net,716.45,Benjamin,Robinson,M,0701 John Ranch,Portland,OR,97210,45.5303,-122.7033,841711,"Engineer, building services",1963-04-04,293ee1a4bea32eae3ea12e769c16ef64,1374617189,44.62066,-122.081829,1
370163,2020-11-11 23:28:23,4452366298769043,"fraud_Bahringer, Schoen and Corkery",shopping_pos,9.02,Linda,Davis,F,6602 Ortiz Pine Apt. 179,Blooming Grove,TX,76626,32.0758,-96.701,1563,Financial adviser,1978-03-04,a8f812d088503b8083fb16dcb5e1458c,1384212503,31.861412,-96.02282,0
8372,2020-06-23 15:50:23,36192615525683,"fraud_Mante, Luettgen and Hackett",health_fitness,93.5,Susan,Garcia,F,582 Rodriguez Wells,Albuquerque,NM,87109,35.1506,-106.569,641349,Civil Service administrator,1976-04-11,1322237b4a87f88784af2cd331d9b7e7,1372002623,34.977579,-106.392921,0
346223,2020-11-01 23:45:08,4087542780207162,fraud_Rau-Robel,kids_pets,23.56,Nicole,Dominguez,F,537 Brian Island,Guthrie,OK,73044,35.833,-97.436,20226,Retail manager,1969-11-08,3ea4b398c6063d238001af3849f06a20,1383349508,36.316656,-97.018802,1
133310,2020-08-06 22:21:18,6595970453799027,"fraud_Hahn, Bahringer and McLaughlin",personal_care,52.45,Gina,Gomez,F,72030 Shelton Crossing Apt. 742,Stirling,NJ,7980,40.6774,-74.4968,2307,Science writer,1969-09-11,697ace69ce18bb8ccbf75b297f60c042,1375827678,41.569634,-74.92634699999999,1
333001,2020-10-26 20:52:41,6011504998544485,fraud_Daugherty LLC,kids_pets,6.91,Ashley,Whitney,F,4038 Smith Avenue,Jones,AL,36749,32.5104,-86.8138,1089,Materials engineer,1971-11-02,b47fd0cb824d9d9a5a83472b33ab85cc,1382820761,32.752456,-86.177471,0
438433,2020-12-06 12:43:55,4957924165498,"fraud_Bahringer, Bergnaum and Quitzon",home,46.05,Alan,Parsons,M,0547 Russell Ford Suite 574,Kirk,CO,80824,39.6171,-102.4776,207,Network engineer,1955-12-04,c410b4892300b61fc36ab82123546a46,1386333835,39.130207,-103.229427,0
283114,2020-10-05 06:06:29,371226440126102,fraud_Friesen-Stamm,gas_transport,48.61,Stacy,Lambert,F,85430 Julie Trafficway Suite 792,Mulberry Grove,IL,62262,38.9311,-89.2463,1810,Race relations officer,1974-12-24,7e18e6bcf90b90984659da4cae6d73cc,1380953189,39.688222,-90.09981,0
184844,2020-08-24 23:10:14,4683520018489354,fraud_Maggio-Fahey,misc_pos,8.15,Charles,Carrillo,M,17547 Stephen Turnpike Apt. 846,Hawthorne,CA,90250,33.9143,-118.3493,93193,"Editor, magazine features",1995-04-19,d6cb3b30e89c1c601f407defe3a6237a,1377385814,34.04184,-118.093823,0
67338,2020-07-14 09:24:43,213186551511454,fraud_Huels-Hahn,gas_transport,70.5,Cody,Dean,M,737 Thomas Wall Apt. 502,West Bethel,ME,4286,44.402,-70.8601,47,Chief Operating Officer,1951-03-31,84010629e1ab6adef7ec19fd961649dd,1373793883,45.163661,-71.21951,0
528157,2020-12-26 03:54:54,3506042666828517,fraud_Stracke-Lemke,grocery_pos,131.68,Christine,Burns,F,343 Hannah Parkway,Comfort,WV,25049,38.1372,-81.5962,630,Fine artist,1959-07-30,890d72569f5c8e16e43343890cac0297,1388030094,37.171815,-81.635143,0
36930,2020-07-04 09:03:30,3559723917628303,fraud_Pfeffer and Sons,shopping_pos,121.86,Matthew,Huerta,M,622 Williams Trafficway,Ringwood,IL,60072,42.4048,-88.3054,928,Outdoor activities/education manager,1985-05-13,5e89df2488e1d448a8a813b2482bbc1b,1372928610,43.237796,-89.238538,0
26219,2020-06-30 00:16:08,571844099986,"fraud_Schoen, Kuphal and Nitzsche",grocery_pos,302.75,Susan,Mills,F,005 Cody Estates,Louisville,KY,40202,38.2507,-85.7476,736284,Engineering geologist,1952-04-02,16ded14a96590df73cefe07a030feef8,1372551368,38.526678,-85.630686,1
526321,2020-12-25 16:32:00,4761403817546679245,"fraud_Boehm, Predovic and Reinger",misc_pos,10.15,Diana,Jacobs,F,69608 Perez Mountain Apt. 006,Viola,AR,72583,36.3924,-91.9932,1679,Psychiatric nurse,1986-05-02,2be23b7642d42afb737024dc4dbb17e8,1387989120,35.786829,-91.726565,0
30019,2020-06-30 23:48:35,571844099986,"fraud_Huel, Hammes and Witting",grocery_pos,284.94,Susan,Mills,F,005 Cody Estates,Louisville,KY,40202,38.2507,-85.7476,736284,Engineering geologist,1952-04-02,c319a3249bd476147cf1bbe36686a0ec,1372636115,39.075545,-85.607381,1
48916,2020-07-07 17:57:49,6011681934117244,fraud_Labadie LLC,personal_care,41.67,Kaitlyn,Newman,F,098 Stewart Hill,Slayden,TN,37165,36.2835,-87.4581,70,Prison officer,1956-06-22,8d4ff7600b32a4e56fdadf4cc502d1b4,1373219869,37.15598,-86.780614,0
135654,2020-08-07 22:48:11,30199621383748,fraud_Gottlieb Group,kids_pets,20.9,Theresa,Powell,F,117 Natasha Vista Suite 936,Leonard,TX,75452,33.4044,-96.2238,4090,Sub,1977-03-23,cb535f8f79cc09361832c2df456473eb,1375915691,33.545252000000005,-95.448972,1
51849,2020-07-08 23:47:48,4713464490314802,"fraud_Kihn, Abernathy and Douglas",shopping_net,1002.25,Wesley,Parker,M,7452 Browning Port,Mc Intosh,SD,57641,45.7084,-101.1546,295,"Designer, industrial/product",1981-01-26,1b35063dced63774c303eb1bf13e6934,1373327268,45.513899,-101.748246,1
261305,2020-09-25 18:31:54,3558881852140592,"fraud_Moore, Williamson and Emmerich",home,45.82,Christopher,Holt,M,05597 Michael Spurs,Parks,AZ,86018,35.2563,-111.95,759,"Geologist, engineering",1957-03-28,ce306811c01919777929431e7e577a1b,1380133914,34.71568,-111.685016,0
56694,2020-07-11 03:22:29,6011399591920186,fraud_Dickinson-Rempel,misc_pos,629.85,Maria,Roy,F,58665 Nicholas Ford Suite 348,Sheffield,MA,1257,42.1001,-73.3611,2121,Radio producer,1973-10-14,7f3194d7306013dc5dd7296c0f52511e,1373512949,41.645054,-73.430254,1
218859,2020-09-07 06:00:52,36485887555770,"fraud_Zieme, Bode and Dooley",gas_transport,79.69,Michael,Gross,M,230 Ryan Tunnel Apt. 025,Fulton,OH,43321,40.4971,-82.8342,267,Facilities manager,2005-01-29,56c1864ca91806360615460aea0845fe,1378533652,40.08397,-83.360803,0
68739,2020-07-14 17:29:29,571465035400,fraud_Bode-Rempel,kids_pets,46.08,Louis,Fisher,M,45654 Hess Rest,Fort Washakie,WY,82514,43.0048,-108.8964,1645,Freight forwarder,1976-02-26,68ef28cec85a0794884d7b1b9c2b98c3,1373822969,42.929377,-109.892347,0
172841,2020-08-20 22:13:09,3558652751678952,fraud_Berge-Ullrich,home,27.71,Teresa,Blankenship,F,6638 Lucero Mill Suite 952,Karnack,TX,75661,32.6205,-94.2,2807,Chiropodist,1931-01-26,2e3e98bd879050db9035593c036bcfa1,1377036789,33.192734,-93.411835,0
518763,2020-12-23 09:21:06,2297447006766555,"fraud_Okuneva, Schneider and Rau",shopping_pos,6.53,Laura,Walker,F,611 Michael Rue,Cisco,IL,61830,39.9972,-88.6962,478,Landscape architect,1960-01-13,f08750454f8ad312657b6a03693fb74f,1387790466,39.998752,-88.56795699999999,0
200412,2020-08-30 23:01:20,6596735789587928,"fraud_Reichert, Huels and Hoppe",shopping_net,893.61,Spencer,Williams,M,1145 Tony Drive Suite 080,Watertown,MN,55388,44.9595,-93.8482,5619,Licensed conveyancer,1959-01-15,f53edd2f9c641aee93827d041241562e,1377903680,44.905424,-92.975724,1
11780,2020-06-24 23:15:28,180098888332620,"fraud_Baumbach, Hodkiewicz and Walsh",shopping_pos,741.77,Dennis,Davidson,M,08469 Trujillo Forge,Springville,NY,14141,42.52,-78.6847,7728,"Scientist, research (maths)",1959-03-30,b971b65d32c1d9b36223370bb5744a94,1372115728,43.225233,-77.81421800000001,1
352623,2020-11-04 01:38:33,501882822387,fraud_Mayert Group,shopping_pos,3.38,Melissa,Phillips,F,5069 Scott Pass Apt. 654,Meadville,MS,39653,31.4285,-90.8578,2799,"Therapist, horticultural",1961-01-21,91beb493657f48af52e59251a322f955,1383529113,30.934057,-91.376952,0
21240,2020-06-28 19:29:24,4584931703207308232,fraud_Pagac LLC,shopping_pos,372.61,Amanda,Gomez,F,8152 Brittany Centers,Dallas,TX,75218,32.8463,-96.6972,1263321,"Designer, ceramics/pottery",1975-04-16,098200aa03a53635e69669a312d2787f,1372447764,32.89651,-96.386814,0
359495,2020-11-08 01:04:05,2475085306462014,fraud_Cartwright-Harris,grocery_pos,289.3,John,Miller,M,153 Mccullough Springs Apt. 857,Lamberton,MN,56152,44.2378,-95.2739,1507,Land/geomatics surveyor,1993-10-12,889e6ee72ad30e46dae55fce2da9e185,1383872645,45.087537,-95.220372,1
1906,2020-06-21 23:21:44,4005676619255478,fraud_Kuhic LLC,shopping_net,1128.26,William,Perry,M,458 Phillips Island Apt. 768,Denham Springs,LA,70726,30.459,-90.9027,71335,Herbalist,1994-05-31,eb388ceabaf56474808664772b2d5853,1371856904,30.354797,-91.146131,1
96622,2020-07-25 05:29:13,375248307838179,fraud_Heller-Langosh,gas_transport,67.25,Joshua,Mendoza,M,4215 Miranda Field Suite 326,Tallmansville,WV,26237,38.8564,-80.158,571,Accounting technician,1967-09-16,e1a7c98f9afa74a4d637c1f1ed4b3c41,1374730153,38.416858000000005,-79.269079,0
282280,2020-10-04 22:42:31,2297447006766555,"fraud_Ruecker, Beer and Collier",shopping_net,899.79,Laura,Walker,F,611 Michael Rue,Cisco,IL,61830,39.9972,-88.6962,478,Landscape architect,1960-01-13,0c8f96153ef5dcf9c54bb27ebb7da0a4,1380926551,40.323034,-87.99378,1
374013,2020-11-14 04:59:10,6011366578560244,fraud_Harris Inc,gas_transport,85.33,Adam,Stark,M,0912 Mark Fields Apt. 080,Mc Veytown,PA,17051,40.5046,-77.7186,4653,Nutritional therapist,1997-07-01,84e85af586010cd2a6ecccd256540d5b,1384405150,41.312599,-78.034376,0
307984,2020-10-16 01:49:50,3527063666782582,"fraud_Moen, Reinger and Murphy",grocery_pos,306.79,Amanda,Alexander,F,21810 James Mall,Camden,TX,75934,30.9,-94.7547,99,Colour technologist,1965-11-21,91b64a57143552c18cc30e685c09fe3e,1381888190,30.563808,-94.551683,1
467739,2020-12-12 22:19:18,4607072969078276,fraud_Skiles LLC,home,230.99,Brenda,Perez,F,033 Tara Brook Suite 523,Coyle,OK,73027,35.8985,-97.2607,1493,Amenity horticulturist,1985-03-21,d65b2a2334591a29b5110306ba39712c,1386886758,36.568076,-97.975869,1
242115,2020-09-16 20:58:06,3530503964418806,"fraud_Romaguera, Cruickshank and Greenholt",shopping_net,969.19,David,Nichols,M,0638 Fred Ramp Suite 086,Palmdale,CA,93552,34.5715,-118.0231,171170,Chemical engineer,1963-06-04,175fb6a524da08b6a414a604d5c98180,1379365086,35.093471,-117.334928,1
160655,2020-08-16 20:39:27,38797410705641,fraud_Kilback Group,food_dining,59.74,Andrew,Tucker,M,583 Gray Creek,Oak Hill,NY,12460,42.4069,-74.1528,277,Glass blower/designer,1971-12-12,08f005f3102e0d26407838c89e290875,1376685567,42.129372,-73.668214,0
305498,2020-10-14 15:30:36,341542810616333,"fraud_Rowe, Batz and Goodwin",grocery_pos,298.14,Billy,Mcdonald,M,304 Ryan Port Suite 335,Camden,MO,64017,39.2048,-94.0259,464,Colour technologist,1959-05-28,baed594ba3ed5bfdf2e39e012b5064ca,1381764636,39.193684000000005,-93.873486,1
432643,2020-12-05 02:34:36,213156747557083,fraud_Hudson-Ratke,grocery_pos,316.71,Adam,Santos,M,725 Jo Trace Apt. 102,Glendale,CA,91206,34.1556,-118.2322,172817,Advertising account planner,1982-07-30,accc65006a7236eaccb19854789830de,1386210876,33.440779,-118.929947,1
93627,2020-07-23 22:07:27,3568736585751727,fraud_Gaylord-Powlowski,home,79.36,Thomas,Cross,M,7566 Thompson Creek Apt. 827,Elkhart,IA,50073,41.8114,-93.4855,1195,Trading standards officer,1974-03-13,7c89d7f312a49e111e01c8af60e1e9a1,1374617247,41.72194,-93.35769,0
436799,2020-12-06 03:36:45,4562827002127,"fraud_Osinski, Ledner and Leuschke",grocery_pos,67.13,Christopher,Johnson,M,28711 Kristine Junction Suite 309,Greenville,OH,45331,40.0987,-84.6342,22930,Media planner,1971-11-26,1023a8947a92675784c2b2b9d0977226,1386301005,40.338095,-84.698138,0
387046,2020-11-19 16:32:55,2242542703101233,"fraud_Daugherty, Pouros and Beahan",shopping_pos,83.1,Samuel,Jenkins,M,43235 Mckenzie Views Apt. 837,Westport,KY,40077,38.4921,-85.4524,564,Pensions consultant,1996-04-10,6f9e69a4e9b2e157e0ee3ff11442ff09,1384878775,38.25601,-85.447396,0
156274,2020-08-15 08:23:03,630441765090,fraud_Terry-Huel,shopping_net,1.6,Susan,Washington,F,759 Erin Mount Suite 956,May,TX,76857,31.9571,-98.9656,1791,Corporate investment banker,1965-07-26,1f8e8940342d7e53881e10d8e7e95952,1376554983,32.35903,-98.032382,0
135622,2020-08-07 22:34:29,4518350514020532,fraud_Smith-Stokes,misc_pos,10.46,Christopher,Gregory,M,9579 Porter Tunnel,Wauchula,FL,33873,27.5517,-81.8074,14742,Teaching laboratory technician,1993-02-26,f0edef50e41d8354cc6f55dab491d23a,1375914869,26.780913,-80.919804,1
97904,2020-07-25 18:52:04,180094419304907,"fraud_Hahn, Bahringer and McLaughlin",personal_care,93.97,Sharon,Smith,F,17666 David Valleys,Sun City,CA,92585,33.7467,-117.1721,54287,"Designer, exhibition/display",1972-09-22,8093771a196ee38da1866aec74415443,1374778324,33.43164,-118.140222,0
103655,2020-07-27 13:14:35,4005676619255478,fraud_Kuhn LLC,shopping_pos,2.9,William,Perry,M,458 Phillips Island Apt. 768,Denham Springs,LA,70726,30.459,-90.9027,71335,Herbalist,1994-05-31,b25be1444aed2dd385c778764e38ece3,1374930875,29.59675,-91.605741,0
21252,2020-06-28 19:33:08,38530489946071,"fraud_Towne, Greenholt and Koepp",shopping_net,1.28,Laura,Johns,F,95835 Garcia Rue,Arcadia,SC,29320,34.9572,-81.9916,530,Animal technologist,1989-05-14,6f95b0efc67602293501b5adb2bd59ff,1372447988,34.835128000000005,-81.209018,0
364687,2020-11-09 19:23:40,3551217896304745,fraud_Bins-Tillman,entertainment,50.8,Sara,Harris,F,597 Jenny Ford Apt. 543,Tupper Lake,NY,12986,44.232,-74.4905,6120,Chartered loss adjuster,1976-10-09,5ff51a0f80e1a987a7dbeb0d9d6a1185,1384025020,43.562642,-73.921971,0
259690,2020-09-24 21:15:46,2233882705243596,"fraud_Hahn, Bahringer and McLaughlin",personal_care,52.77,Jamie,Robinson,F,67089 Caitlin Meadow Apt. 905,Sturgis,MS,39769,33.357,-89.0473,1923,Medical physicist,1960-01-16,7643ff33f4da909f180b741edd2bf0fd,1380057346,34.12737,-89.099935,0
217999,2020-09-06 21:54:18,370612217861404,"fraud_Turcotte, Batz and Buckridge",health_fitness,64.55,Amanda,Fitzgerald,F,298 Kayla Lights,Bristol,PA,19007,40.1159,-74.8536,21125,"Administrator, charities/voluntary organisations",1985-05-25,fa7eb6f92efef4e8a8b9adb01ad623aa,1378504458,40.814823,-75.53649,0
75505,2020-07-17 17:29:26,180042946491150,fraud_Bode-Rempel,kids_pets,15.33,Charles,Robles,M,3337 Lisa Divide,Saint Petersburg,FL,33710,27.7898,-82.7243,341043,"Engineer, land",1989-02-28,da5857ec0f4d185977ee51eda3e648f0,1374082166,27.697176,-82.898318,0
485393,2020-12-15 22:23:07,6011492816282597,fraud_Lubowitz-Walter,kids_pets,22.18,Gary,Barnes,M,2970 Flores Brooks,Smackover,AR,71762,33.3398,-92.7442,2501,Financial adviser,1986-06-11,b3ac952666242217e5667c95b72d9a3a,1387146187,34.300665,-92.419792,1
109428,2020-07-28 22:17:54,6011438889172900,fraud_Monahan-Morar,personal_care,56.9,Allison,Allen,F,40624 Rebecca Spurs,De Witt,AR,72042,34.2853,-91.3336,5161,Electrical engineer,1993-04-08,0056d651546d394d9f98314bf68a4551,1375049874,34.829595,-90.665018,0
244170,2020-09-18 02:02:50,30029052116970,"fraud_Rowe, Batz and Goodwin",grocery_pos,303.68,Curtis,Young,M,4319 Watson Shoals Suite 658,Falconer,NY,14733,42.1239,-79.1895,3833,Metallurgist,1970-10-09,2855658415c53a8be9ac35046fd5ee51,1379469770,43.036551,-79.22558000000001,1
244897,2020-09-18 13:27:21,4682744518117239,fraud_Swift PLC,kids_pets,40.64,Gregory,Webster,M,66035 Benjamin Villages,Syracuse,MO,65354,38.6547,-92.8929,628,"Radiographer, diagnostic",1961-12-18,4dad691b251e2960fe7ed4233a1c0fd6,1379510841,38.862371,-93.544981,0
246342,2020-09-19 06:40:34,4727244663135968,fraud_Auer-Mosciski,grocery_pos,95.77,Mary,Lewis,F,118 Justin Extension,Bay Minette,AL,36507,30.8635,-87.7644,19090,Science writer,1929-05-30,a0465d1f301ac9dbf3097065ac07e23c,1379572834,31.62717,-88.491063,0
421809,2020-12-01 22:11:55,4979422371139333,fraud_Waelchi-Wolf,kids_pets,131.07,Kelly,Zimmerman,F,1893 Katie Tunnel,Westerville,NE,68881,41.4193,-99.3844,73,Product designer,1935-02-10,05aedf2dd4cf464a6a229677a1d8091e,1385935915,41.940023,-98.644889,0
197591,2020-08-30 03:19:59,6596735789587928,fraud_Cartwright-Harris,grocery_pos,284.36,Spencer,Williams,M,1145 Tony Drive Suite 080,Watertown,MN,55388,44.9595,-93.8482,5619,Licensed conveyancer,1959-01-15,d1fd23629ad55e16e6d400ea1e25dbe5,1377832799,45.917657,-94.36403,1
282313,2020-10-04 22:58:05,347399333635231,"fraud_Nienow, Ankunding and Collier",misc_pos,8.29,Stephanie,Allen,F,13128 Hall Station Suite 588,Seligman,MO,65745,36.5276,-93.9359,2693,"Engineer, biomedical",1968-02-05,e08f6d058f418f4fc8fffdbe0b160446,1380927485,36.133037,-94.233414,1
508526,2020-12-21 14:25:25,4653178848915023204,fraud_Bechtelar-Rippin,food_dining,2.76,Robert,Hall,M,371 Anthony Trail Suite 354,Glade Spring,VA,24340,36.7779,-81.7676,5657,Clinical psychologist,1987-04-29,62d41a10c9c6dd147a680e4554a9fff4,1387635925,36.533303,-82.199239,0
387610,2020-11-19 23:23:32,6538441737335434,fraud_Boyer-Reichert,shopping_net,821.89,Gina,Grimes,F,444 Robert Mews,Clarks Mills,PA,16114,41.3851,-80.1752,606,Energy manager,1997-09-22,863d91055e2b509de6bc1823c12b3248,1384903412,40.7932,-80.433995,1
56690,2020-07-11 03:16:53,6011399591920186,fraud_O'Keefe-Hudson,grocery_pos,369.18,Maria,Roy,F,58665 Nicholas Ford Suite 348,Sheffield,MA,1257,42.1001,-73.3611,2121,Radio producer,1973-10-14,e51acc0919bd6648216829bf84bd2093,1373512613,42.517951,-73.335409,1
149744,2020-08-12 03:35:53,3583793405872580,"fraud_Kuhic, Bins and Pfeffer",shopping_net,913.68,Beth,Lambert,F,6447 Johnson Estates Apt. 986,Roosevelt,OK,73564,34.847,-98.9836,551,Amenity horticulturist,1970-09-27,07bccd892fce5d9948367de24cc06d2b,1376278553,35.186011,-99.169512,1
462525,2020-12-11 14:16:18,4069975342931683,"fraud_Mante, Luettgen and Hackett",health_fitness,15.3,Kimberly,Martin,F,1943 Dennis Inlet Suite 145,Hurricane,WV,25526,38.4257,-81.9943,21902,Sub,1980-09-18,489ce15cc3070be59933c81d87040352,1386771378,38.789924,-81.996548,0
339185,2020-10-29 16:35:45,5152054598359927,"fraud_Cronin, Kshlerin and Weber",health_fitness,171.79,Jim,Johnson,M,868 Brady Mill Apt. 837,Gretna,LA,70056,29.8872,-90.0331,55581,Biomedical scientist,1972-09-12,c674396c8e7444d109ad68b95ae3a28f,1383064545,29.789464,-90.93041,0
98626,2020-07-26 01:06:51,180064817343047,fraud_Metz-Boehm,shopping_pos,162.36,Patricia,Gonzalez,F,8973 Mark Drive,Stephensport,KY,40170,37.9048,-86.524,344,Chartered public finance accountant,1967-03-30,9a8c4d8899a7da29b127fe493bce6a97,1374800811,38.44364,-87.483388,0
162635,2020-08-17 11:35:39,345389171551808,"fraud_Eichmann, Bogan and Rodriguez",gas_transport,102.85,Justin,Fowler,M,5569 Phillips Neck Apt. 003,Coffeeville,MS,38922,33.9215,-89.6782,3451,Financial trader,1984-05-19,aa503ca6331fddb9a6c913190ae470e0,1376739339,34.448339000000004,-90.016296,0
289255,2020-10-07 10:59:58,344342339068828,fraud_Cole PLC,grocery_pos,339.13,Ruth,Fuller,F,37732 Joe Courts Apt. 752,Darien,GA,31305,31.3826,-81.4312,5989,Tax adviser,1967-05-05,f36188c364cc627a6b7bae7e0749e7d6,1381143598,31.327366,-80.96731199999999,1
227707,2020-09-10 22:23:17,376656886990758,fraud_Kihn Inc,shopping_pos,788.01,Richard,Vance,M,169 Shelia Knoll Suite 753,Zavalla,TX,75980,31.1569,-94.3871,2836,"Designer, jewellery",1985-12-03,fea0c0a8501232049c4af7f2e7d77d16,1378851797,30.821926,-94.872215,1
5940,2020-06-22 23:08:25,3524574586339330,"fraud_Haley, Batz and Auer",health_fitness,21.74,Ashley,Cabrera,F,94225 Smith Springs Apt. 617,Vero Beach,FL,32960,27.633000000000003,-80.4031,105638,"Librarian, public",1986-05-07,c3a4aa2a2242f932c576d974dae46a34,1371942505,26.782874,-79.428065,1
135773,2020-08-07 23:43:21,376445266762684,fraud_Friesen Ltd,health_fitness,20.84,Rachel,Lowe,F,372 Jeffrey Course,Sutherland,NE,69165,41.1558,-101.136,1789,Insurance broker,1982-02-11,78f5e7b210280752236ec2347977c917,1375919001,40.450803,-101.814364,1
71135,2020-07-15 15:33:13,6573561108825071,fraud_Langworth LLC,personal_care,122.7,Kristina,Lewis,F,5449 Brandi Heights Apt. 111,Tulsa,OK,74130,36.2395,-95.9596,413574,Bookseller,1968-06-18,e68017e1fa0b4d13a358057603ec516a,1373902393,35.352687,-96.189739,0
129344,2020-08-04 22:41:38,4725837176265195730,fraud_Rau-Robel,kids_pets,22.04,Elizabeth,Mckee,F,358 Pruitt Square,Jay,FL,32565,30.8985,-87.1332,5719,Higher education careers adviser,1994-11-05,3997bf7998557493819a1fdb926911b3,1375656098,30.469998,-88.052595,1
487205,2020-12-16 12:54:23,4110266553600176127,fraud_Yost-Rogahn,personal_care,2.23,Sandra,Schwartz,F,3789 Mark Walks,Sunflower,MS,38778,33.5567,-90.5451,1686,"Education officer, community",1986-11-06,105be7865f3559e5ebaa5fb42aa4989e,1387198463,33.330348,-91.216803,0
326437,2020-10-24 11:31:20,3589289942931264,"fraud_Schultz, Simonis and Little",grocery_pos,154.2,Paula,Estrada,F,350 Stacy Glens,Spencer,SD,57374,43.7557,-97.5936,343,"Development worker, international aid",1972-03-05,bff5bf74232efb2d17ed3154e287c023,1382614280,42.910525,-98.530845,0
311829,2020-10-18 02:02:17,38052002992326,fraud_Heller-Abshire,grocery_net,21.05,Anna,Logan,F,3522 Park Wells Suite 528,Cleveland,TX,77327,30.33,-95.0202,34153,Building surveyor,1995-09-11,e1b31577ba2a03abb324058752692d0a,1382061737,30.630765000000004,-95.022609,0
151230,2020-08-12 22:30:22,343746486082492,fraud_Terry-Huel,shopping_net,1032.31,Jeffrey,Munoz,M,836 Stephanie Union,Cedar,MI,49621,44.8605,-85.8138,3096,"Social research officer, government",1975-10-11,036ff85d4c7c8c17317288d1f63c7fd6,1376346622,45.603190000000005,-86.027412,1
280959,2020-10-04 13:14:03,6506982560413523,"fraud_Larkin, Stracke and Greenfelder",entertainment,29.54,Alice,Kemp,F,057 Martinez Radial,Texarkana,AR,71854,33.431,-93.8765,36438,Surgeon,1985-04-15,dc5e38e2ae6b5c6119ea8794c8ed3698,1380892443,32.790949,-93.661792,0
113411,2020-07-30 22:07:21,4352307151555405069,fraud_Boyer-Reichert,shopping_net,1051.96,Joseph,Bartlett,M,610 Pacheco Parkway,Falls Church,VA,22046,38.8856,-77.1802,116155,Armed forces training and education officer,1932-05-09,ae11b0ca6a9682dd97d2efe4ef676f7d,1375222041,39.464149,-77.146331,1
175434,2020-08-22 00:30:51,577588686219,fraud_Harber Inc,gas_transport,7.86,James,Strickland,M,25454 Leonard Lake,Spring Church,PA,15686,40.6153,-79.4545,972,Public relations account executive,1997-10-23,377e16d77d3cfb80d4e9c51189d5488d,1377131451,40.55826,-79.933802,1
248816,2020-09-20 11:03:56,6596735789587928,fraud_Stiedemann Inc,misc_pos,1.77,Spencer,Williams,M,1145 Tony Drive Suite 080,Watertown,MN,55388,44.9595,-93.8482,5619,Licensed conveyancer,1959-01-15,8b6c40bdc64d3aa1b15bc8616a1f89fd,1379675036,45.364175,-93.012197,0
361853,2020-11-08 22:05:37,4169388510116,"fraud_Schmeler, Bashirian and Price",shopping_net,1104.78,Marcia,Molina,F,6744 Jimmy Extensions,Port Gibson,NY,14537,43.033,-77.1575,207,Database administrator,1962-09-27,3c6666bcfe64c7c554a4f9ce22c25b21,1383948337,43.463203,-77.780079,1
405191,2020-11-28 00:20:29,3513506355699497,fraud_Rodriguez Group,gas_transport,10.64,Sarah,Adams,F,5654 Peterson Land,Ridgeland,MS,39157,32.4122,-90.1207,24645,"Scientist, clinical (histocompatibility and immunogenetics)",1966-05-29,38e81301e1ae980ec06309cfe1d953c7,1385598029,32.446514,-89.549635,1
350595,2020-11-03 11:41:44,2383461948823908,fraud_Gerlach Inc,shopping_net,3.66,Patrick,Vaughan,M,651 Miller Common,Parsonsfield,ME,4047,43.745,-70.9092,1892,Audiological scientist,1956-03-02,1cc0685c068f698d51bc3c7a0f1e1120,1383478904,42.98392,-71.123351,0
164071,2020-08-17 18:43:54,3540210836308425,fraud_Romaguera and Sons,travel,510.57,Steven,Yoder,M,94975 David Mews Apt. 316,Summerfield,TX,79085,34.7437,-102.5064,53,Fisheries officer,1992-06-19,d774d0d29cb66da70fe22053102589df,1376765034,34.725132,-102.168323,0
182522,2020-08-24 11:42:02,3554818239968984,fraud_Medhurst PLC,shopping_net,92.1,Cory,Thomas,M,6458 Roberson Alley,Williamsburg,MO,63388,38.8874,-91.7689,710,Glass blower/designer,1970-09-27,4d73a94bf0b1ab492c6443df0f76fa55,1377344522,39.016869,-91.477791,0
207971,2020-09-01 21:11:12,630441765090,fraud_Grimes LLC,entertainment,53.95,Susan,Washington,F,759 Erin Mount Suite 956,May,TX,76857,31.9571,-98.9656,1791,Corporate investment banker,1965-07-26,70e3896dd32ebf32b645f2a9a99b7cfa,1378069872,31.77839,-98.382101,0
150583,2020-08-12 16:01:25,3545109339866548,fraud_Jast-McDermott,shopping_pos,9.12,Keith,Sanders,M,8030 Beck Motorway,Moorhead,MS,38761,33.4783,-90.5142,2870,Chartered public finance accountant,1999-03-05,0cda2b4d2001be0f67eb715d987df5c1,1376323285,33.223145,-90.941242,0
313791,2020-10-18 19:54:51,4958589671582726883,fraud_Fisher-Schowalter,shopping_net,915.2,Aaron,Pena,M,793 Hooper Tunnel Suite 154,Burke,VA,22015,38.7894,-77.2818,43102,Health visitor,1950-11-27,844e74641f3bfd7663f013574468f0a9,1382126091,38.824366,-77.38639,1
275457,2020-10-01 18:53:15,180042946491150,fraud_Kozey-McDermott,travel,4.97,Charles,Robles,M,3337 Lisa Divide,Saint Petersburg,FL,33710,27.7898,-82.7243,341043,"Engineer, land",1989-02-28,df555e520277a8206326447bf050c5c4,1380653595,28.340538,-82.418869,0
313436,2020-10-18 17:15:14,4958589671582726883,"fraud_Okuneva, Schneider and Rau",shopping_pos,890.94,Aaron,Pena,M,793 Hooper Tunnel Suite 154,Burke,VA,22015,38.7894,-77.2818,43102,Health visitor,1950-11-27,98a86df650a7558a16f05300aeb736e4,1382116514,38.255779,-77.560778,1
390207,2020-11-21 11:01:08,3582402971899057,"fraud_Huel, Hammes and Witting",grocery_pos,298.21,Michele,Patrick,F,557 Lynn Garden Suite 907,Spirit Lake,ID,83869,47.9657,-116.868,4161,Production manager,1957-06-12,7b1a13775c6f09fa85ccf42f25b305b1,1385031668,48.697945,-117.310733,1
397472,2020-11-24 02:51:14,4972228199573984,"fraud_Schultz, Simonis and Little",grocery_pos,353.11,Brian,Hogan,M,3316 Cindy Land,Lane,OK,74555,34.2691,-95.9685,861,Quantity surveyor,1960-04-08,7f843f9c61a32c49970e5853d9d293c9,1385261474,35.139036,-96.139151,1
173616,2020-08-21 07:23:30,4810789809665942990,"fraud_Reilly, Heaney and Cole",gas_transport,42.72,Julie,Sanchez,F,916 Charles Road,Bowersville,OH,45307,39.5756,-83.7153,338,Quantity surveyor,1988-07-28,2aecb219c7a7e39f402ccb678a37d496,1377069810,39.805976,-83.81649,0
228926,2020-09-11 14:45:15,3514865930894695,"fraud_Hermiston, Pacocha and Smith",health_fitness,11.71,Christopher,Castaneda,M,1632 Cohen Drive Suite 639,High Rolls Mountain Park,NM,88325,32.9396,-105.8189,899,Naval architect,1967-08-30,81f7a7264df0a3403db6e6b35fb74f23,1378910715,33.288043,-106.362272,0
206092,2020-09-01 10:55:25,30270432095985,"fraud_Johnston, Nikolaus and Maggio",grocery_net,46.28,Lisa,Lin,F,908 Brooks Brook,Lomax,IL,61454,40.6761,-91.0391,725,Environmental consultant,1972-11-28,fbd89d59235e3aa7b9fc7ea227ccb024,1378032925,40.865207,-90.294309,0
469963,2020-12-13 10:49:25,4228411452607671,fraud_Corwin-Collins,gas_transport,81.57,Aaron,Stewart,M,400 Zuniga Pine,Winthrop,ME,4364,44.3229,-69.9576,6025,Advertising account planner,1995-04-22,ac3fd8adb2830b43f8faea49013366de,1386931765,43.566278,-69.507387,0
289931,2020-10-07 20:03:18,4497451418073897078,fraud_Schoen-Quigley,kids_pets,144.63,Elizabeth,Glover,F,246 Stewart Green Suite 149,West Monroe,LA,71291,32.5317,-92.176,54185,"Radiographer, diagnostic",1992-11-20,b9124a8b969392aadf9372179f13af61,1381176198,32.214058,-92.82926,0
1781,2020-06-21 22:37:27,6564459919350820,fraud_Nienow PLC,entertainment,620.33,Douglas,Willis,M,619 Jeremy Garden Apt. 681,Benton,WI,53803,42.5545,-90.3508,1306,Public relations officer,1958-09-10,47a9987ae81d99f7832a54b29a77bf4b,1371854247,42.771834000000005,-90.158365,1
301881,2020-10-13 03:07:06,4129767952109660,fraud_Flatley Group,misc_pos,751.63,Cheryl,Ballard,F,248 James Squares Apt. 838,Halstad,MN,56548,47.3551,-96.798,771,"Scientist, audiological",1972-06-14,69fd58dc601de4598d514848395463b9,1381633626,46.961592,-97.504919,1
36187,2020-07-03 23:43:45,3589255887819806,fraud_Gerlach Inc,shopping_net,840.53,David,Miller,M,622 Bradley Knoll Apt. 758,Hancock,MD,21750,39.6991,-78.1762,3766,Press photographer,1984-02-14,f441409c4697dcfc08f7e217ecaa7166,1372895025,40.146169,-78.837614,1
42192,2020-07-06 01:06:31,343819048608995,"fraud_Raynor, Reinger and Hagenes",gas_transport,70.36,Shelby,Cannon,F,1535 Ryan Burgs Suite 919,Des Moines,IA,50312,41.5855,-93.6719,222785,Wellsite geologist,1956-01-24,a0d07c892255c02dbe858e65430615dd,1373072791,41.982362,-93.783013,0
386534,2020-11-19 09:51:02,30343344410970,fraud_Brown-Greenholt,entertainment,31.34,Jacob,Dawson,M,663 Anna Plaza,Marienville,PA,16239,41.4622,-79.1306,4172,"Copywriter, advertising",1962-03-20,2e03b9250986ac7e806078a3ea1a601b,1384854662,41.524982,-79.078478,0
129198,2020-08-04 22:00:15,3527063666782582,fraud_O'Hara-Wilderman,food_dining,43.0,Amanda,Alexander,F,21810 James Mall,Camden,TX,75934,30.9,-94.7547,99,Colour technologist,1965-11-21,ed0aac517aeb2a6da89046c4bf3312d5,1375653615,30.244578000000004,-94.706647,0
420905,2020-12-01 19:23:34,3521417320836166,fraud_Lubowitz-Walter,kids_pets,102.52,Angela,Hodges,F,08236 Kim Hill,Indianapolis,IN,46254,39.849,-86.272,910148,Firefighter,1975-11-30,57580007ac3a50177c85d70ee60dc801,1385925814,39.79478,-87.187435,0
51736,2020-07-08 22:44:21,503851367360,fraud_Bashirian Group,shopping_net,913.98,Bruce,Hall,M,77686 Donald Bridge Apt. 711,Grifton,NC,28530,35.3757,-77.4193,7332,Forensic psychologist,1957-06-27,598c785c5faa7e2b8d849155dd656a14,1373323461,34.784836,-77.765043,1
387625,2020-11-19 23:31:04,6538441737335434,fraud_Miller-Harris,misc_net,875.38,Gina,Grimes,F,444 Robert Mews,Clarks Mills,PA,16114,41.3851,-80.1752,606,Energy manager,1997-09-22,a27a0e748030102436aba5b6aa5f3d10,1384903864,40.917701,-80.014586,1
168603,2020-08-18 22:05:54,213112402583773,fraud_Bernier and Sons,kids_pets,24.06,Ana,Howell,F,4664 Sanchez Common Suite 930,Bradley,SC,29819,34.0326,-82.2027,1523,Research scientist (physical sciences),1984-06-03,d3917efa78cfe121cd4e47db9df300e5,1376863554,33.406114,-81.85813900000001,1
220616,2020-09-07 18:44:48,4623560839669,"fraud_Schmeler, Bashirian and Price",shopping_net,992.81,Vincent,Waller,M,9379 Vanessa Run Apt. 400,Lohrville,IA,51453,42.2619,-94.5566,695,Administrator,1954-07-15,7949150348eeab5da4de2a931998babd,1378579488,41.526578,-94.897249,1
153430,2020-08-13 23:49:14,374497717543058,fraud_Miller-Harris,misc_net,811.26,Linda,Hurst,F,31701 Tucker Square Suite 893,Wilton,ND,58579,47.1709,-100.7944,1190,"Designer, ceramics/pottery",1948-06-30,a59c4c7a74a7d5de9e74401ce88780f4,1376437754,48.017097,-101.054507,1
213289,2020-09-04 20:06:46,4797297220948468262,fraud_Beer-Jast,kids_pets,60.3,Erica,Briggs,F,3310 Davidson Spurs Apt. 107,Oolitic,IN,47451,38.8938,-86.5246,1228,Counsellor,1991-03-13,fdc0b6149525f451c1dc618e160ac49a,1378325206,38.717833,-87.0559,0
141145,2020-08-09 20:54:37,2283743876903625,fraud_Hilpert-Conroy,kids_pets,132.49,Shannon,Williams,F,9345 Spencer Junctions Suite 183,Alpharetta,GA,30009,34.077,-84.3033,165556,Prison officer,1997-12-27,e252dde37bee8c96845cc2631bfa16b5,1376081677,34.615049,-83.938825,0
386289,2020-11-19 05:24:13,4710792708725663,fraud_Huels-Hahn,gas_transport,9.36,Justin,Bell,M,954 Green Wall,Churubusco,IN,46723,41.229,-85.3244,7692,"Research officer, trade union",1986-12-13,cdab63c8846a9bec2488209db941db9f,1384838653,40.279403,-84.722341,1
213105,2020-09-04 18:10:06,6011934240159560,fraud_Rau-Robel,kids_pets,51.35,Joshua,Cohen,M,426 Mark Ports,Brooklin,ME,4616,44.2541,-68.5565,824,"Loss adjuster, chartered",1974-11-02,58084fc3e47c25f55debd2d84dfe24e6,1378318206,45.02735,-69.469951,0
131567,2020-08-06 02:27:05,4518350514020532,fraud_Koelpin and Sons,misc_net,709.07,Christopher,Gregory,M,9579 Porter Tunnel,Wauchula,FL,33873,27.5517,-81.8074,14742,Teaching laboratory technician,1993-02-26,2b87078886a63c9cbae655d39b54ce75,1375756025,27.120883000000003,-81.448566,1
76580,2020-07-18 04:23:58,3526826139003047,"fraud_Greenfelder, Bartoletti and Davis",misc_net,415.59,Nathan,Massey,M,5783 Evan Roads Apt. 465,Falmouth,MI,49632,44.2529,-85.01700000000001,1126,Furniture designer,1955-07-06,121b85d324eaa8447d8a253a174103b9,1374121438,44.700378,-84.220283,0
387559,2020-11-19 22:52:00,6538441737335434,fraud_Bode-Schuster,kids_pets,19.89,Gina,Grimes,F,444 Robert Mews,Clarks Mills,PA,16114,41.3851,-80.1752,606,Energy manager,1997-09-22,61a091ef338ea3abf2546db7c7f03551,1384901520,42.297246,-79.425116,1
454568,2020-12-09 03:54:27,30092964733035,"fraud_Heathcote, Yost and Kertzmann",shopping_net,1155.37,Jessica,Terry,F,6412 Elizabeth Gardens Suite 633,Maysville,KY,41056,38.6207,-83.8067,14228,Advertising account executive,1971-03-26,09b375d607601b7760e96f42586db433,1386561267,38.362509,-82.961138,1
405025,2020-11-27 22:37:25,3513506355699497,fraud_Boyer-Reichert,shopping_net,980.82,Sarah,Adams,F,5654 Peterson Land,Ridgeland,MS,39157,32.4122,-90.1207,24645,"Scientist, clinical (histocompatibility and immunogenetics)",1966-05-29,1a0f820a700bfa12dc4c394d00407b94,1385591845,31.466231,-90.405622,1
41808,2020-07-05 22:49:40,4989847570577635369,fraud_Cartwright PLC,kids_pets,19.44,Vanessa,Anderson,F,21178 Brittney Locks,Prosperity,SC,29127,34.1832,-81.5324,8333,Archaeologist,1994-07-09,418f9df03ce9c83407f01a23d725c421,1373064580,34.216526,-81.815763,1
400197,2020-11-25 00:14:15,30546453310167,fraud_Strosin-Cruickshank,grocery_pos,301.9,Nicholas,Tran,M,672 Randall Burg Suite 551,Belmont,NH,3220,43.4512,-71.48899999999999,7430,"Scientist, research (medical)",1955-01-13,ab8c664e9ef82b7ac0a6cbaa1a4c9038,1385338455,42.48526,-72.033118,1
29896,2020-06-30 23:16:40,571844099986,"fraud_Haley, Jewess and Bechtelar",shopping_pos,917.97,Susan,Mills,F,005 Cody Estates,Louisville,KY,40202,38.2507,-85.7476,736284,Engineering geologist,1952-04-02,6736d580fbae1911b7f3117b1daedbc7,1372634200,37.6226,-85.91279300000001,1
468012,2020-12-12 23:51:56,4607072969078276,fraud_Gaylord-Powlowski,home,214.51,Brenda,Perez,F,033 Tara Brook Suite 523,Coyle,OK,73027,35.8985,-97.2607,1493,Amenity horticulturist,1985-03-21,8a3ee25bc088a144900b13f3263b6cc6,1386892316,36.509993,-98.234417,1
209869,2020-09-02 22:14:21,180052752563109,fraud_Lind-Buckridge,entertainment,413.84,Evan,Santiago,M,9652 Ford Ford Apt. 566,Arlington,VA,22204,38.859,-77.0997,207410,Historic buildings inspector/conservation officer,1968-11-14,43c28e452829005e3394c747c1f9491c,1378160061,39.722283,-77.841824,1
354001,2020-11-04 23:29:53,370612217861404,fraud_Schimmel-Olson,kids_pets,19.57,Amanda,Fitzgerald,F,298 Kayla Lights,Bristol,PA,19007,40.1159,-74.8536,21125,"Administrator, charities/voluntary organisations",1985-05-25,606cb96872b102df34445fd878c2f305,1383607793,40.336692,-74.608253,1
45813,2020-07-06 22:09:55,3504178999463051,fraud_Wuckert-Goldner,home,46.72,Drew,Garcia,M,70858 Jasmine Meadows Apt. 135,Lima,OH,45801,40.7641,-84.0973,86954,"Copywriter, advertising",1992-07-23,8f8df34142b980e9aa389d36cbc38452,1373148595,41.257431,-83.70177,0
531175,2020-12-26 22:26:36,6547670341037171,"fraud_Metz, Russel and Metz",kids_pets,1.53,Bryce,Joseph,M,148 Baker Field,Chester Heights,PA,19017,39.8839,-75.4669,348,Management consultant,1945-05-05,c029e787c0c92f2786c482b4ac95cf04,1388096796,40.236582,-75.345945,0
257302,2020-09-23 11:26:09,38797410705641,"fraud_Schultz, Simonis and Little",grocery_pos,106.76,Andrew,Tucker,M,583 Gray Creek,Oak Hill,NY,12460,42.4069,-74.1528,277,Glass blower/designer,1971-12-12,fe3a80ff754ccf845eaae21eb8d0a8f3,1379935569,42.46707,-73.622869,0
45968,2020-07-06 22:54:12,3523898249167098,fraud_Block-Hauck,travel,3.9,Joshua,Carpenter,M,04975 Allison Shoal,Bronx,NY,10463,40.8798,-73.9067,1382480,"Therapist, drama",1990-11-09,9154577be5bd618211370df2557003de,1373151252,40.649349,-74.398712,0
274896,2020-10-01 12:08:59,4634955908138648,"fraud_Baumbach, Hodkiewicz and Walsh",shopping_pos,2.41,Mackenzie,Smith,F,7178 Willis Drive,Hooper,NE,68031,41.6414,-96.5232,1745,"Engineer, automotive",1973-12-26,c62fa1db6370e55ce83ac85a65ff6826,1380629339,40.725813,-95.63007,0
204807,2020-09-01 01:10:19,4003989662068504,fraud_Bednar Group,misc_net,872.36,Chris,White,M,98897 Bennett Lodge,Bessemer,AL,35022,33.3224,-86.9657,71463,Radio broadcast assistant,1989-02-08,c29926f82e60e6ca6c0aad579380f539,1377997819,33.258487,-87.189499,1
84233,2020-07-20 15:21:19,38859492057661,fraud_Mosciski Group,travel,2.78,Edward,Sanchez,M,594 White Dale Suite 530,Malad City,ID,83252,42.1808,-112.262,4154,Nature conservation officer,1962-01-19,f380784c1a5f1cd0e5da4c49e34e0ac1,1374333679,41.219965,-111.946371,0
145655,2020-08-10 23:56:10,30238755902988,fraud_Erdman-Schaden,personal_care,18.31,Danielle,Yu,F,5395 Colon Burgs Suite 037,Thrall,TX,76578,30.592,-97.2893,1766,Press sub,1976-01-02,ec91a02362ab0615a18e91de6280550c,1376178970,29.612195,-97.617793,1
531097,2020-12-26 22:03:31,3533012926413100,fraud_Stiedemann Inc,misc_pos,419.61,Megan,Bernard,F,128 Nathan Ramp,Barneveld,NY,13304,43.2237,-75.1612,1684,IT trainer,1994-03-01,9d0282aa4b3f5bfcd5f4e0e8de789329,1388095411,43.402707,-75.135681,0
166825,2020-08-18 12:59:04,4914700582394237,fraud_Champlin and Sons,home,48.05,John,Williams,M,8929 Phillips Corners Suite 259,Harmony,PA,16037,40.8496,-80.1381,4589,Bookseller,1956-05-01,c41fb677cbb02f8fcad8983c75169e02,1376830744,40.302314,-79.305367,0
526625,2020-12-25 18:18:31,4396682467723,fraud_Connelly PLC,food_dining,134.04,Scott,Cole,M,646 Louis Fort Apt. 665,North Las Vegas,NV,89084,36.2815,-115.1482,214518,Catering manager,1960-01-16,7b9041592cc5b6936e3450511aae909b,1387995511,37.232964,-115.137125,0
163108,2020-08-17 14:01:30,374656033243756,fraud_Dietrich-Fadel,health_fitness,30.87,David,Lewis,M,1499 Michael Rue,Arlington,VA,22213,38.8954,-77.1633,207410,Mudlogger,1984-07-03,09ee2c89d5035aaef04a3b61b761aa8b,1376748090,38.207711,-77.280759,0
138539,2020-08-09 02:59:27,343819048608995,fraud_Rau and Sons,grocery_pos,327.62,Shelby,Cannon,F,1535 Ryan Burgs Suite 919,Des Moines,IA,50312,41.5855,-93.6719,222785,Wellsite geologist,1956-01-24,9a5d96f89cea6e9f6c103217134ee4bd,1376017167,40.644497,-94.336415,1
268685,2020-09-28 18:09:29,4239552724014407,fraud_Kessler Group,travel,9.68,Carl,Hernandez,M,9134 Darryl Flat Suite 916,Paulding,OH,45879,41.141000000000005,-84.5722,6284,Secondary school teacher,1936-03-27,da630a9961fe214ed45a98c8da665d39,1380391769,41.810247,-84.021665,0
383390,2020-11-17 16:44:01,4642255475285942,fraud_White and Sons,home,1.76,Sabrina,Johnson,F,320 Nicholson Orchard,Thompson,UT,84540,38.9999,-109.615,46,"Surveyor, minerals",1987-04-23,16403f7f79a540fb04f969bb17097a12,1384706641,39.804049,-109.934377,0
478169,2020-12-14 18:44:56,3563837241599446,fraud_Ratke and Sons,health_fitness,71.96,Timothy,Simmons,M,1049 John Ports Suite 057,Newberg,OR,97132,45.3099,-122.9685,28278,Research scientist (physical sciences),1977-07-17,17fbd6f6add1acec3085341aff462b87,1387046696,45.602265,-123.826034,0
177032,2020-08-22 18:43:08,38199021865320,fraud_Graham and Sons,health_fitness,74.52,Jesse,Roberts,M,8415 Vaughn Squares Apt. 788,Acworth,NH,3601,43.196000000000005,-72.3001,477,Naval architect,1988-04-15,93626a63b856fe71819fbec97cada9e5,1377196988,43.192694,-71.532684,0
83489,2020-07-20 11:41:54,377654590313960,fraud_Botsford Ltd,shopping_pos,8.26,Lawrence,Davis,M,7421 Serrano Lane Apt. 580,Powell,TN,37849,36.0435,-84.04,25459,"Teacher, special educational needs",1969-02-22,5727acce542e594319820f93b3c28dc3,1374320514,35.715796999999995,-83.05497700000001,0
88089,2020-07-21 14:37:52,3546897637165774,fraud_Harris Group,food_dining,13.29,Kayla,Obrien,F,7921 Robert Port Suite 343,Prairie Hill,TX,76678,31.6591,-96.8094,263,Barrister,1956-05-30,09c2cf0dff3bf8a8890d51050f8689c2,1374417472,31.230007,-95.858103,0
502355,2020-12-20 13:28:22,4292902571056973207,fraud_Wilkinson PLC,kids_pets,4.3,Jeffrey,Smith,M,135 Joseph Mountains,Sula,MT,59871,45.8433,-113.8748,218,"Therapist, horticultural",1995-08-16,7e6011097067231cf9178de050f4dd4c,1387546102,46.332036,-114.660338,0
271812,2020-09-29 18:05:05,180046765320457,fraud_Jacobi Inc,health_fitness,63.25,Jared,Camacho,M,4257 Perez Mall,Canton,OH,44702,40.8027,-81.3739,192805,Building control surveyor,1963-06-30,bb57a8b5b7758b473b5c45a01537aa3a,1380477905,40.908954,-80.894984,0
137984,2020-08-08 22:25:43,343819048608995,"fraud_Mosciski, Gislason and Mertz",grocery_pos,290.4,Shelby,Cannon,F,1535 Ryan Burgs Suite 919,Des Moines,IA,50312,41.5855,-93.6719,222785,Wellsite geologist,1956-01-24,46d0fa9918809a768f5475128d3d76c7,1376000743,41.967764,-93.884543,1
378560,2020-11-16 03:09:04,4198470814557,fraud_Ruecker Group,misc_net,16.6,Christie,Williamson,F,519 Jerry Views,Avoca,IA,51521,41.4768,-95.3509,2036,Engineering geologist,1971-08-20,7265ea096976ece51d6565c31a10d80c,1384571344,40.756326,-96.181504,0
402272,2020-11-26 10:59:13,639023984367,fraud_Cummerata-Jones,gas_transport,48.38,Destiny,Lowe,F,79472 Stevens Trace Apt. 120,Hannawa Falls,NY,13647,44.6087,-74.9732,69,Chief Executive Officer,1991-06-05,5f3a36639fb707d565edc065010a84ad,1385463553,44.440165,-75.569413,0
436071,2020-12-05 23:47:44,630423337322,fraud_Kassulke Inc,entertainment,419.52,Stephanie,Gill,F,43039 Riley Greens Suite 393,Orient,WA,99160,48.8878,-118.2105,149,Special educational needs teacher,1978-06-21,72f28fdacf2cdb29924861618f4d0479,1386287264,48.342876,-118.35081,1
512599,2020-12-22 04:27:40,584673555952,fraud_Kuhic Inc,grocery_pos,120.19,Jessica,Jordan,F,071 Wise Trace,Coleharbor,ND,58531,47.5196,-101.2332,307,Make,1930-08-13,f55626b0f645fceac9e1f80e13664a1d,1387686460,48.246088,-102.193673,0
330061,2020-10-25 22:41:26,4883407061576,fraud_Medhurst PLC,shopping_net,869.72,Rachel,Williams,F,6386 Bailey Hill Apt. 421,Seattle,WA,98118,47.5412,-122.275,837792,Systems developer,1936-12-23,5c758235759b69cd3b7096f8d926e4e3,1382740886,48.027705,-121.919191,1
371801,2020-11-12 23:36:19,3535808924394848,fraud_Friesen-Ortiz,personal_care,21.31,Matthew,Myers,M,4936 Michelle Points,Tower Hill,IL,62571,39.39,-88.9597,1532,Radio broadcast assistant,1980-01-09,a6b980cb9a261f4bed5d1915224cb35f,1384299379,40.255971,-89.476451,1
403491,2020-11-27 02:31:38,676275912597,"fraud_Reilly, Heaney and Cole",gas_transport,11.88,Edward,Hensley,M,24318 Dixon Mills,Elk Rapids,MI,49629,44.8955,-85.4082,2223,Chief Financial Officer,1986-01-18,749deb5dcc6cd3e3919e0074d5e08213,1385519498,45.878937,-86.324872,1
301964,2020-10-13 04:03:10,180072527505094,"fraud_Rowe, Batz and Goodwin",grocery_pos,91.74,Cody,Miller,M,25748 John Wells,Mooresville,NC,28117,35.584,-80.8685,69793,Control and instrumentation engineer,1953-12-08,7e41b4c67ef9982ad068268102e23555,1381636990,34.817254,-81.483909,0
372370,2020-11-13 08:31:27,3535808924394848,fraud_Kuhic Inc,grocery_pos,298.86,Matthew,Myers,M,4936 Michelle Points,Tower Hill,IL,62571,39.39,-88.9597,1532,Radio broadcast assistant,1980-01-09,e4d141fbe11693b4e53e35d5d7f313a0,1384331487,40.05506,-89.646452,1
453810,2020-12-08 22:50:18,180049032966888,fraud_Crona and Sons,kids_pets,41.19,Michael,Flores,M,70761 Fitzpatrick Brooks Suite 631,Saxon,WI,54559,46.4959,-90.4383,795,Television/film/video producer,1986-04-15,8e1f575d82d662ddc1159c209e4d64bf,1386543018,46.861983,-89.890126,0
62827,2020-07-13 04:37:47,2297447006766555,fraud_Sporer Inc,gas_transport,53.04,Laura,Walker,F,611 Michael Rue,Cisco,IL,61830,39.9972,-88.6962,478,Landscape architect,1960-01-13,dddc112ba2ba268a9468009b27db3465,1373690267,39.265903,-89.294191,0
420053,2020-12-01 16:41:33,4861310130652566408,fraud_Waelchi Inc,kids_pets,82.82,Ashley,Cruz,F,65417 Walsh Radial Suite 691,Saint Amant,LA,70774,30.2385,-90.8435,10076,"Surveyor, rural practice",1977-12-16,770bc1e75345d14acfd37a9731d00119,1385916093,29.974435,-91.833032,0
343387,2020-10-31 22:05:26,4026222041577,"fraud_Streich, Rolfson and Wilderman",kids_pets,20.73,Debbie,Payne,F,204 Ashley Neck Apt. 169,Preston,CT,6365,41.5224,-71.9934,4720,Broadcast presenter,1977-05-18,271fbd5a65de148ccb63a308abc0f1a0,1383257126,41.4162,-71.704669,1
306080,2020-10-14 22:54:04,60416207185,"fraud_Hyatt, Russel and Gleichner",health_fitness,28.7,Mary,Diaz,F,9886 Anita Drive,Fort Washakie,WY,82514,43.0048,-108.8964,1645,Information systems manager,1986-02-17,2cd37799c98d0f6241310e1bb0f45ea5,1381791244,43.131881,-108.849211,0
369098,2020-11-11 08:33:21,4769426683924058915,fraud_Luettgen PLC,gas_transport,42.8,Andrea,Cruz,F,26572 Hodge Villages Suite 512,Mifflin,PA,17058,40.5553,-77.4001,1909,Mining engineer,1954-08-22,9d2ffc7011e281d18f25687eea9b4d72,1384158801,39.597718,-77.880245,0
325967,2020-10-24 03:31:03,180046617132290,fraud_Goodwin-Nitzsche,grocery_pos,283.58,Erika,Mason,F,083 Karen Island Apt. 656,Goreville,IL,62939,37.575,-88.9655,3119,"Teacher, secondary school",1942-04-17,2417531415bb6c2dd62be1d3e28fe2fa,1382585463,38.170213,-89.91609100000001,1
37329,2020-07-04 13:17:24,4642255475285942,fraud_Bahringer-Streich,food_dining,90.13,Sabrina,Johnson,F,320 Nicholson Orchard,Thompson,UT,84540,38.9999,-109.615,46,"Surveyor, minerals",1987-04-23,34e27c91188db471edb73d0f4176f172,1372943844,39.720255,-108.993763,0
41314,2020-07-05 19:51:39,3523898249167098,"fraud_Lang, Towne and Schuppe",kids_pets,20.4,Joshua,Carpenter,M,04975 Allison Shoal,Bronx,NY,10463,40.8798,-73.9067,1382480,"Therapist, drama",1990-11-09,3d7fe17e8c5d7ccf82e92b0c931f8170,1373053899,40.60334,-73.105396,0
432709,2020-12-05 03:04:55,630423337322,fraud_Goodwin-Nitzsche,grocery_pos,354.08,Stephanie,Gill,F,43039 Riley Greens Suite 393,Orient,WA,99160,48.8878,-118.2105,149,Special educational needs teacher,1978-06-21,d47dee65288d6a087cb5a3c72fe1613d,1386212695,49.533242,-117.87987,1
358032,2020-11-07 08:24:32,3502377050801561,"fraud_Konopelski, Schneider and Hartmann",food_dining,24.87,Kathleen,Martin,F,659 Nicole Cove Suite 560,New Waverly,TX,77358,30.5354,-95.4532,4993,"Scientist, biomedical",1948-11-30,8c4118a77378a880976cde73f7265634,1383812672,29.81547,-95.593639,0
137994,2020-08-08 22:29:41,376445266762684,"fraud_Hagenes, Hermann and Stroman",travel,10.62,Rachel,Lowe,F,372 Jeffrey Course,Sutherland,NE,69165,41.1558,-101.136,1789,Insurance broker,1982-02-11,844be598e478cbf1ec433e87b419fa8c,1376000981,40.66627,-101.860761,1
548341,2020-12-29 20:51:42,30026790933302,"fraud_Schroeder, Hauck and Treutel",entertainment,74.51,John,Peters,M,555 Michael Burgs,Mayersville,MS,39113,32.9013,-91.0286,595,Technical brewer,1979-09-03,a31ecf6f583d5b0f7f9c338aab2351b7,1388350302,32.038221,-90.740438,0
459472,2020-12-10 17:20:36,3529597930342630,fraud_Zulauf LLC,personal_care,180.8,Melissa,Rodriguez,F,81708 Christopher Plaza,Jordanville,NY,13361,42.8948,-74.8209,824,Travel agency manager,1985-09-01,7691320a3d311b0c6428395ec8ad6aa9,1386696036,41.905422,-74.774918,0
61951,2020-07-12 22:42:52,3540075240003197,"fraud_Mosciski, Ziemann and Farrell",shopping_net,985.9,Christian,Johns,M,892 Solis Neck,Lonsdale,MN,55046,44.4477,-93.4252,5211,Chief Strategy Officer,1987-01-27,701e80001a2b4029adc8188900c70116,1373668972,44.095024,-94.038821,1
355534,2020-11-05 22:09:09,370612217861404,fraud_Bahringer-Streich,food_dining,137.61,Amanda,Fitzgerald,F,298 Kayla Lights,Bristol,PA,19007,40.1159,-74.8536,21125,"Administrator, charities/voluntary organisations",1985-05-25,7a72981f7bf6182acf1a478c76942e62,1383689349,39.374199,-75.709352,1
514788,2020-12-22 14:07:41,573860193545,fraud_Kub-Heaney,health_fitness,34.15,Cristian,Jones,M,0423 Kirby Field Suite 623,Wilmette,IL,60091,42.0765,-87.7246,27020,Trade mark attorney,1986-07-23,b6c201380dc207aba3c2e95b5cc55534,1387721261,41.163302,-87.51762,0
337147,2020-10-28 10:34:06,568279015842,"fraud_Towne, Greenholt and Koepp",shopping_net,106.03,Micheal,Hernandez,M,6139 Mark Rapid Apt. 651,Christine,ND,58015,46.5522,-96.7909,291,Television floor manager,1991-05-01,476abcbd89cae88fd32b695815c7ea4d,1382956446,46.667669,-95.987945,0
328511,2020-10-25 11:26:45,4990494243023,"fraud_Willms, Kris and Bergnaum",shopping_pos,9.42,Martin,Ford,M,56812 Francis Courts,Corriganville,MD,21524,39.6967,-78.8031,626,Energy engineer,1960-12-13,3a9b659589b16e23ce0d37f7b0952bdb,1382700405,40.286104,-78.64743100000001,0
135761,2020-08-07 23:37:15,376445266762684,fraud_Swift PLC,kids_pets,22.62,Rachel,Lowe,F,372 Jeffrey Course,Sutherland,NE,69165,41.1558,-101.136,1789,Insurance broker,1982-02-11,18af4df0c5afda3d524cff8bb6ef5f92,1375918635,40.457291,-101.045061,1
306337,2020-10-15 02:32:37,30042378430132,fraud_Bednar Group,misc_net,939.34,Connor,Grant,M,0654 Kevin Turnpike Apt. 084,Northport,NY,11768,40.9051,-73.3309,21902,Tour manager,1976-05-16,b0716712dc36b41dfcfe8c6747667ebd,1381804357,40.832568,-72.635088,1
149124,2020-08-11 22:06:08,2284059275940012,fraud_Kozey-Boehm,shopping_net,976.39,Thomas,Mathis,M,26615 Nelson Lane,Moores Hill,IN,47032,39.0945,-85.0638,3289,Sub,1969-11-22,c9a21093343049f756e4c7ee6e99fd5f,1376258768,39.788616,-84.526363,1
488895,2020-12-16 23:59:32,2714019737356678,"fraud_Zboncak, Rowe and Murazik",shopping_net,1056.99,Christina,Moore,F,542 Finley Ports Apt. 396,West Finley,PA,15377,39.9914,-80.4408,724,Theme park manager,1995-08-30,07d67e15b9ed9f64d0e1fd7db283a0af,1387238372,39.874947,-79.92155699999999,1
443870,2020-12-07 11:09:33,4861310130652566408,"fraud_Johnston, Nikolaus and Maggio",grocery_net,77.92,Ashley,Cruz,F,65417 Walsh Radial Suite 691,Saint Amant,LA,70774,30.2385,-90.8435,10076,"Surveyor, rural practice",1977-12-16,be57795d10a09b9c1afecf154e26c48e,1386414573,30.662543,-90.894001,0
349074,2020-11-02 22:03:19,561942763351,fraud_Collier LLC,home,146.75,Melissa,Brown,F,330 Montoya Ramp,Washington,DC,20036,38.9087,-77.0414,601723,Prison officer,1986-03-14,c17dc64c7bd3f9df4efd9d97f0adbcc3,1383429799,39.812023,-77.06618,0
56712,2020-07-11 03:37:28,6011399591920186,"fraud_Stehr, Jewess and Schimmel",misc_net,748.43,Maria,Roy,F,58665 Nicholas Ford Suite 348,Sheffield,MA,1257,42.1001,-73.3611,2121,Radio producer,1973-10-14,4dc60f41d997adc0c5b9af2a89107453,1373513848,41.94105,-74.316641,1
403254,2020-11-26 23:11:00,5410056176712193,fraud_Hills-Witting,shopping_net,1000.91,Jeffrey,Krause,M,4742 Alexandria Mountain,New Franken,WI,54229,44.5592,-87.8235,4306,Art therapist,1989-10-19,dd96aae2d39a282a1a914fb4b4f60577,1385507460,44.380561,-87.37544799999999,1
544694,2020-12-29 07:38:32,180084576295055,fraud_Flatley-Durgan,misc_net,5.38,David,Kirby,M,133 Alyssa Plains,Lolita,TX,77971,28.7724,-96.4793,911,Archaeologist,1970-01-18,b8e1978467338295feb40fe397ae73c5,1388302712,28.453503,-97.255881,0
234917,2020-09-14 03:38:39,3500165543009955,fraud_Bernhard Inc,gas_transport,57.62,Ricky,Dunn,M,97689 Davis Point Apt. 967,Detroit,MI,48214,42.3669,-82.9938,673342,Health visitor,1983-09-02,ac98988ed4b08c4d16b8bb38620ff12d,1379129919,41.711914,-83.148606,0
223204,2020-09-08 14:49:13,4651007077623147,fraud_Champlin and Sons,home,7.81,Andrea,Lewis,F,43075 Cohen Shoals,Ashford,WA,98304,46.7531,-121.9898,759,Video editor,1956-09-14,ac7ccc8c78956b86f7bee6468c26267f,1378651753,46.309545,-122.759919,0
271912,2020-09-29 18:49:18,676148621961,fraud_White and Sons,home,32.01,Jennifer,Vega,F,91644 Crystal Drives,Eagarville,IL,62023,39.1118,-89.7855,91,Materials engineer,1962-11-18,34e666695557ada65fb5b170b9d0faa2,1380480558,39.307491,-88.790852,0
22002,2020-06-28 23:45:14,6011104316292105,fraud_Bins-Howell,personal_care,24.84,Valerie,Davis,F,3861 Anderson Ramp Apt. 536,Drakes Branch,VA,23937,36.9688,-78.5615,1970,Energy engineer,1985-09-02,a0bf9860ae79c92f0febbe94636cb341,1372463114,36.501917,-79.282028,0
69573,2020-07-14 21:42:05,3547574373318979,fraud_Schoen Ltd,kids_pets,7.19,Jacob,Patel,M,54822 Hill Forks,Dieterich,IL,62424,39.0319,-88.4074,2092,"Psychologist, clinical",1962-04-30,41494fd2af6969d25f10e52ea1ad8004,1373838125,39.008008,-88.247293,0
303725,2020-10-13 18:00:51,213156747557083,"fraud_Altenwerth, Cartwright and Koss",shopping_net,3.61,Adam,Santos,M,725 Jo Trace Apt. 102,Glendale,CA,91206,34.1556,-118.2322,172817,Advertising account planner,1982-07-30,81710033732b579e73fcb1c6afa4be7e,1381687251,33.618813,-117.305007,0
459219,2020-12-10 15:58:33,4244953610136705533,fraud_Champlin-Casper,home,81.33,Christopher,Odom,M,81446 Nicole Highway Apt. 874,Richland,NJ,8350,39.485,-74.8776,825,Licensed conveyancer,1991-07-06,bec2118fb6e267d21e431ce358623ab3,1386691113,40.156821,-74.103441,0
44619,2020-07-06 16:29:18,4904681492230012,fraud_Padberg-Sauer,home,48.62,Lisa,Lowe,F,574 David Locks Suite 207,Cottekill,NY,12419,41.8467,-74.1038,722,Comptroller,1990-10-19,f29f9b19106b89f04b820eacf760b931,1373128158,41.702740000000006,-73.793373,0
387079,2020-11-19 16:50:38,3547574373318979,fraud_Hammes-Beatty,kids_pets,106.77,Jacob,Patel,M,54822 Hill Forks,Dieterich,IL,62424,39.0319,-88.4074,2092,"Psychologist, clinical",1962-04-30,16b5afbdc8824d73ed8e6f5e83bf2372,1384879838,38.74045,-87.583738,0
550568,2020-12-30 12:22:50,6502195877055606,fraud_Hirthe-Beier,health_fitness,78.39,Nathan,Byrd,M,155 Gregory Mount Suite 791,Red Cliff,CO,81649,39.4584,-106.3851,277,Human resources officer,1985-04-03,056adc93105af7ee74f356459eb7599e,1388406170,39.581253,-106.988659,0
227191,2020-09-10 16:45:07,571465035400,fraud_Morissette LLC,entertainment,93.62,Louis,Fisher,M,45654 Hess Rest,Fort Washakie,WY,82514,43.0048,-108.8964,1645,Freight forwarder,1976-02-26,3fc0511ac858474280849b9cadb75b01,1378831507,43.489413,-109.664235,0
463191,2020-12-11 17:43:24,676234256292,fraud_Kulas Group,health_fitness,75.4,David,Vasquez,M,06539 Gregory Mountains Suite 029,Parker Dam,CA,92267,34.298,-114.156,126,Marketing executive,1992-10-07,ce68c6273cf86d7997b0821515a544b4,1386783804,34.698765,-114.11023,0
162909,2020-08-17 13:05:13,4378993458389626,fraud_Spencer PLC,entertainment,3.3,Travis,Hayes,M,1561 Chase Grove,Conway,NH,3818,43.9742,-71.1503,3807,Surgeon,1999-10-25,b3a2cfc1db71bb9c28e8a9d79d7c8dd9,1376744713,44.554955,-70.26400699999999,0
401559,2020-11-25 22:37:19,30546453310167,fraud_Schmidt and Sons,shopping_net,1132.88,Nicholas,Tran,M,672 Randall Burg Suite 551,Belmont,NH,3220,43.4512,-71.48899999999999,7430,"Scientist, research (medical)",1955-01-13,eb190e9b5f34bfb8045ff887813d62e2,1385419039,43.810074,-70.95586999999999,1
337088,2020-10-28 09:29:49,676281772837,fraud_Heidenreich PLC,grocery_pos,312.69,Alicia,Bishop,F,222 Freeman Islands,Whigham,GA,39897,30.8836,-84.3246,3430,"Editor, commissioning",1950-03-25,fb3fd70442e69ed96c189bf7194ec108,1382952589,31.269505,-84.18191,1
60893,2020-07-12 16:37:09,377264520876399,fraud_Bahringer Group,health_fitness,9.45,Kara,Miles,F,2076 Thomas Roads Suite 970,Cassatt,SC,29032,34.3424,-80.5,4424,Lawyer,1961-07-31,8c61968570e89cc302d5a861d634a8a3,1373647029,34.257259000000005,-80.742464,0
441292,2020-12-06 23:14:00,4292743669224718067,"fraud_Schuppe, Nolan and Hoeger",shopping_pos,858.73,Michael,Williams,M,35822 Clayton Street Apt. 679,Great Mills,MD,20634,38.2674,-76.4954,5927,Art therapist,1973-06-09,eedef2cebc9e8d25f6f4bfeac0138728,1386371640,39.13715,-76.29579,1
480797,2020-12-15 04:53:43,2274911989136158,fraud_Lemke-Gutmann,shopping_net,1.72,Robert,Velazquez,M,3136 Silva Stream,Parker,CO,80138,39.5102,-104.7216,84861,Materials engineer,1932-03-10,a83552c19adc76051d494bf4019c3934,1387083223,39.259152,-104.035081,0
385968,2020-11-18 23:37:56,4066595222529,fraud_Mohr-Bayer,shopping_net,902.81,Jamie,Olson,F,3423 Michael Canyon Suite 276,River,KY,41254,37.8795,-82.7251,571,Quarry manager,1931-03-07,096e5bace63bfaddc606e1a1a44c5320,1384817876,37.426532,-81.923358,1
300977,2020-10-12 20:04:47,4430881574719618,fraud_Shields-Wunsch,health_fitness,60.39,Alicia,Morales,F,4456 Dunn Roads,Meredith,CO,81642,39.3199,-106.6596,61,Public relations account executive,1939-11-04,dd15e8747062e08973d4af1ababc5172,1381608287,39.665606,-105.96587,0
297159,2020-10-11 15:23:10,5456712664803820,"fraud_Kihn, Abernathy and Douglas",shopping_net,957.37,Pamela,Matthews,F,36659 Smith Club Apt. 080,Llano,NM,87543,36.1486,-105.6648,247,Architectural technologist,1961-10-24,ee170d4daf60808467805259077ae2c9,1381504990,36.526666,-104.864936,1
381174,2020-11-16 22:31:56,2266735643685262,fraud_Conroy-Emard,food_dining,8.94,Carlos,Chung,M,8957 Russell Key,Grant,AL,35747,34.4959,-86.259,5901,Curator,1972-07-25,55cf437e0318347138d83b12bc47f3b2,1384641116,35.223554,-86.790646,0
549231,2020-12-29 23:41:39,213125815021702,fraud_Howe PLC,entertainment,8.34,Adam,Kirk,M,40847 Stark Junctions,Big Indian,NY,12410,42.074,-74.453,397,Psychiatrist,1931-09-12,c5e3e17eeeed6ee76e4cd9c5d3d823c4,1388360499,41.537735,-74.546164,0
440601,2020-12-06 20:44:48,4610050989831291,"fraud_Prosacco, Kreiger and Kovacek",home,73.18,James,Lynch,M,5155 Mary Common Apt. 927,Utica,PA,16362,41.4798,-79.9403,1102,Garment/textile technologist,1989-07-08,51b0304a0d903c8d3c888493b04184c0,1386362688,41.642849,-80.861387,0
522491,2020-12-24 14:40:47,6011860238257910,"fraud_Nicolas, Hills and McGlynn",entertainment,66.79,Lisa,Mendez,F,44259 Beth Station Suite 215,Lahoma,OK,73754,36.385,-98.0727,1078,"Programme researcher, broadcasting/film/video",1952-07-06,ccc07fbc7a0569ecd43f4552a863c633,1387896047,37.250506,-97.217574,0
513932,2020-12-22 11:00:40,344342339068828,fraud_Lynch Ltd,shopping_pos,1.18,Ruth,Fuller,F,37732 Joe Courts Apt. 752,Darien,GA,31305,31.3826,-81.4312,5989,Tax adviser,1967-05-05,f81ae32902501c65db2a7fc8fbd6c118,1387710040,31.862493,-81.66866999999999,0
328279,2020-10-25 08:31:56,2512312531485080,"fraud_Turner, Ziemann and Lehner",food_dining,87.17,John,Mccormick,M,79414 Clark Lakes Suite 966,Warren,MI,48088,42.5164,-82.9832,134056,"Producer, radio",1956-10-08,ad43120e409ba15b42fd7e652c39347e,1382689916,41.932919,-82.090908,0
464428,2020-12-12 00:17:45,4607072969078276,fraud_Kuvalis Ltd,gas_transport,6.62,Brenda,Perez,F,033 Tara Brook Suite 523,Coyle,OK,73027,35.8985,-97.2607,1493,Amenity horticulturist,1985-03-21,d9b0bc0a691aedbaf01e1dc95f853619,1386807465,35.36238,-96.727226,1
329456,2020-10-25 18:19:19,213161231269724,"fraud_Durgan, Gislason and Spencer",home,6.47,Alyssa,Morgan,F,622 Robin Run Suite 764,Gadsden,AL,35901,34.048,-85.9246,67082,Physiological scientist,1963-02-09,ad290e3ad55b5fa3b3736598b1c2f052,1382725159,34.060805,-86.029354,0
370092,2020-11-11 22:31:53,4103158249977,"fraud_Kerluke, Kertzmann and Wiza",misc_net,741.13,Christopher,Adkins,M,3512 Knight Center,Lorenzo,TX,79343,33.6666,-101.5277,1571,Petroleum engineer,1982-06-27,f138fb8eb65b858abdb77395e1422042,1384209113,33.972438000000004,-102.331619,1
550950,2020-12-30 14:52:09,4683520018489354,fraud_Ebert-Daugherty,travel,3.44,Charles,Carrillo,M,17547 Stephen Turnpike Apt. 846,Hawthorne,CA,90250,33.9143,-118.3493,93193,"Editor, magazine features",1995-04-19,7a4fbfc320299d52f896baa3d24e52c3,1388415129,32.929107,-117.896483,0
119941,2020-08-02 14:12:35,4792627764422477317,fraud_Bahringer Group,health_fitness,80.86,Margaret,Mendez,F,7952 Karen Pike,De Soto,KS,66018,38.9462,-94.9714,5760,Chief Executive Officer,1978-10-01,e57537f830e1d6d2504e908b667eac0c,1375452755,39.090845,-95.864188,0
148102,2020-08-11 16:42:09,4998109455173950,"fraud_Medhurst, Cartwright and Ebert",personal_care,13.35,Mary,Pruitt,F,2819 Luke Greens Suite 563,Kansas City,MO,64114,38.9621,-94.5959,545147,Counsellor,1987-11-18,46f0c5ba08b6c30136d4b37403d8ad42,1376239329,39.563428,-95.382839,0
511272,2020-12-21 22:42:11,4716561796955522,fraud_Schulist Ltd,food_dining,123.58,Lauren,Anderson,F,11014 Chad Lake Apt. 573,Heart Butte,MT,59448,48.2777,-112.8456,743,Water engineer,1972-05-04,daabc7ccf6ccf2c85c1f6186ca11193a,1387665731,48.913048,-113.214921,1
38373,2020-07-04 22:24:05,2712209726293386,fraud_Breitenberg LLC,travel,4.48,Jenna,Brooks,F,50872 Alex Plain Suite 088,Baton Rouge,LA,70808,30.4066,-91.1468,378909,"Designer, furniture",1977-02-22,fc3d85730dc0aaccf1d4ecac117fa90d,1372976645,30.127517,-91.506895,0
486362,2020-12-16 04:38:14,501899453424,"fraud_Streich, Hansen and Veum",gas_transport,60.32,Jessica,Dominguez,F,06393 Nancy Parkways Suite 855,Gadsden,AL,35903,33.9845,-85.9077,67082,Ceramics designer,1970-01-08,7622b687ba7f5daf9165767fc9336134,1387168694,34.651079,-85.535426,0
253916,2020-09-22 02:14:05,4170689372027579,"fraud_Moen, Reinger and Murphy",grocery_pos,245.89,Samuel,Frey,M,830 Myers Plaza Apt. 384,Edmond,OK,73034,35.6665,-97.4798,116001,Media buyer,1993-05-10,34f97da3fe509a3403d056d964cfe750,1379816045,34.761584,-98.315622,1
149190,2020-08-11 22:25:31,2284059275940012,"fraud_Schroeder, Wolff and Hermiston",travel,9.12,Thomas,Mathis,M,26615 Nelson Lane,Moores Hill,IN,47032,39.0945,-85.0638,3289,Sub,1969-11-22,99d441a46dd4dd20a9a145f15ef12d27,1376259931,38.673654,-84.984961,1
14409,2020-06-26 06:11:48,4060579726528237,fraud_Deckow-O'Conner,grocery_pos,95.41,Steven,Sanders,M,25955 Amy Via,Ozawkie,KS,66070,39.2136,-95.4404,2661,Theatre director,1948-11-14,abe8a5641ec81369f3069fe6eed46dad,1372227108,39.101079,-94.826471,0
213887,2020-09-05 03:13:28,4417677808209716,"fraud_Parisian, Schiller and Altenwerth",misc_net,859.07,Renee,Jones,F,914 Nancy Square,Birmingham,AL,35211,33.4816,-86.859,493806,Operational investment banker,2000-03-28,ca545f75a0236bd5c26c40cf99d5c526,1378350808,32.999596000000004,-85.959367,1
451710,2020-12-08 16:12:44,2242542703101233,fraud_Gleason-Macejkovic,shopping_net,4.5,Samuel,Jenkins,M,43235 Mckenzie Views Apt. 837,Westport,KY,40077,38.4921,-85.4524,564,Pensions consultant,1996-04-10,d7f3d411a367f7ee76a4639295395942,1386519164,37.796636,-85.568616,0
60108,2020-07-12 11:47:00,3553629419254918,fraud_Lockman Ltd,grocery_pos,91.25,Sharon,Johnson,F,7202 Jeffrey Mills,Conway,WA,98238,48.34,-122.3456,85,"Research officer, political party",1984-09-01,e5685a1f25d35bc1b7c14f20b6658d60,1373629620,49.268852,-121.922724,0
213577,2020-09-04 23:03:57,3550412175018089,fraud_Kris-Padberg,shopping_pos,925.38,Morgan,James,F,742 Sellers Ferry,Lexington,KY,40502,38.0174,-84.4854,296965,Software engineer,1962-12-30,8b8de393bf7905cb49e7bdd4cb537b76,1378335837,37.422352,-84.436766,1
291732,2020-10-08 22:32:09,6597248210463122,fraud_Hickle Group,shopping_pos,798.05,Kyle,Wright,M,610 Samantha Park Suite 149,Whittemore,IA,50598,43.0261,-94.4064,912,Optometrist,1968-05-16,e9989706afb4b7b0b346fd8b69fe6146,1381271529,43.062934000000006,-94.974793,1
331066,2020-10-26 07:27:04,3526826139003047,fraud_Morar Inc,grocery_net,34.81,Nathan,Massey,M,5783 Evan Roads Apt. 465,Falmouth,MI,49632,44.2529,-85.01700000000001,1126,Furniture designer,1955-07-06,c2e37648a149ef99cf9933d514332637,1382772424,43.448042,-85.374931,0
226560,2020-09-10 08:26:31,375248307838179,fraud_DuBuque LLC,grocery_pos,101.78,Joshua,Mendoza,M,4215 Miranda Field Suite 326,Tallmansville,WV,26237,38.8564,-80.158,571,Accounting technician,1967-09-16,aba04b27342ec108cca68a97b712afaf,1378801591,39.471725,-80.088954,0
460987,2020-12-11 02:55:16,2383461948823908,"fraud_Heller, Gutmann and Zieme",grocery_pos,135.32,Patrick,Vaughan,M,651 Miller Common,Parsonsfield,ME,4047,43.745,-70.9092,1892,Audiological scientist,1956-03-02,e6e4cf637362bc1a30b7e25f132b82d8,1386730516,44.038274,-71.820134,0
362454,2020-11-09 03:10:22,2235613922823698,fraud_Berge LLC,gas_transport,60.9,Melissa,Mcclure,F,2027 Snyder Track,Manville,WY,82227,42.73,-104.7024,241,Educational psychologist,1980-12-16,10091da73dbd6e84003a68e3884b4e9e,1383966622,43.19149,-105.143721,0
549538,2020-12-30 01:51:11,4497913965512794052,fraud_Huels-Hahn,gas_transport,84.93,Scott,Edwards,M,838 Amy Street Suite 107,Pembroke,NC,28372,34.6902,-79.1834,14783,Hospital doctor,1955-11-07,cfe3e939b8b61cc9d890d62687fd14a8,1388368271,34.868972,-79.805705,0
355436,2020-11-05 21:05:28,3592931352252641,fraud_Lubowitz-Walter,kids_pets,25.17,Dylan,Garcia,M,923 Jordan Road,Afton,MN,55001,44.8696,-92.8234,2916,Barrister's clerk,1935-06-29,a03c98ed5738d75ea7c57926963e473e,1383685528,45.344741,-93.734505,0
102587,2020-07-27 05:19:58,180094608895855,fraud_Bauch-Raynor,grocery_pos,129.61,Tammie,Harper,F,57887 Gutierrez Harbor,Westfir,OR,97492,43.7575,-122.481,597,Forensic psychologist,1961-05-19,012780dd6d17f438017b830892e6c761,1374902398,43.691488,-122.321602,0
378970,2020-11-16 07:26:46,4328928491302401,fraud_Dach-Nader,misc_net,77.22,Margaret,Ray,F,927 Cummings Manor Suite 318,Greendale,WI,53129,42.9373,-87.9943,13973,Logistics and distribution manager,1981-05-06,9085cdf090f02a72d5016adacf57e0b1,1384586806,43.666043,-87.588689,0
243935,2020-09-17 22:50:42,342952484382519,fraud_Little Ltd,kids_pets,21.78,Kayla,Jones,F,6033 Young Track Suite 804,East Canaan,CT,6024,42.0158,-73.2913,647,Comptroller,1987-09-26,dbc4ce9913399492ee7763b09a796e09,1379458242,42.457812,-74.256011,1
246719,2020-09-19 12:40:56,342351256941125,fraud_Spencer PLC,entertainment,139.2,Rebecca,Obrien,F,5619 Mendoza Inlet,Juliette,GA,31046,33.1194,-83.8235,3343,Theatre manager,1990-06-08,f753962304a8d429565989e1ed81521e,1379594456,32.615571,-83.317449,0
6025,2020-06-22 23:36:05,4926376199189801,fraud_Waters-Cruickshank,health_fitness,28.54,Claire,Davis,F,83685 Matthew Center Suite 870,Cherokee Village,AR,72529,36.3011,-91.5281,4726,Pharmacologist,1977-06-07,a873919697fe22891713276449687343,1371944165,35.56465,-92.039613,0
426935,2020-12-03 13:50:05,4092452671396169678,fraud_Dibbert and Sons,entertainment,20.2,Jeffrey,Vargas,M,478 Alexandria Mount,Bolton,NC,28423,34.3091,-78.3372,2290,"Engineer, biomedical",1945-12-07,d66f68cdc58d1a392b5eafd3701f4d91,1386078605,33.686233,-78.023274,0
311726,2020-10-18 00:38:24,378904938837132,fraud_Gerlach Inc,shopping_net,1018.07,Tina,Zimmerman,F,3595 Susan Island Suite 063,Thomas,OK,73669,35.7382,-98.7388,1675,Barrister,1986-05-01,01a244a36253666c717ffe5704e845ff,1382056704,34.832045,-97.823969,1
316335,2020-10-19 16:10:52,4210078554961359092,fraud_Connelly PLC,food_dining,100.9,Valerie,Clark,F,7402 West Ranch,Lowell,OR,97452,43.92100000000001,-122.7806,1420,Systems analyst,1965-11-11,382a9f1a8036ebba0d54aba53541da9c,1382199052,43.083014,-123.38776599999998,0
85670,2020-07-20 22:05:45,375534208663984,fraud_Durgan-Auer,misc_net,920.6,Tyler,Garcia,M,408 Bradley Rest,Doe Hill,VA,24433,38.4207,-79.4629,99,Dance movement psychotherapist,1986-03-28,880e729d8adabcac2c9f0610b52ff14a,1374357945,38.831006,-79.108034,1
285459,2020-10-05 22:45:28,2297447006766555,fraud_Torphy-Goyette,shopping_pos,858.76,Laura,Walker,F,611 Michael Rue,Cisco,IL,61830,39.9972,-88.6962,478,Landscape architect,1960-01-13,313e8137029a07ec00887cd8595e3540,1381013128,39.524357,-89.504846,1
213149,2020-09-04 18:35:30,3576431665303017,fraud_Bins-Tillman,entertainment,228.4,Jessica,Ward,F,72269 Elizabeth Field Apt. 132,Phoenix,AZ,85020,33.5623,-112.0559,1312922,Contractor,1981-10-24,173cb3e02b657a9cbfcc82e86e586fb1,1378319730,32.566529,-111.965152,0
295814,2020-10-11 01:37:48,374497717543058,fraud_Luettgen PLC,gas_transport,79.66,Linda,Hurst,F,31701 Tucker Square Suite 893,Wilton,ND,58579,47.1709,-100.7944,1190,"Designer, ceramics/pottery",1948-06-30,6c5fbae97af0d4a9633fb93de8836995,1381455468,48.074037,-101.509865,0
228148,2020-09-11 04:20:27,376656886990758,"fraud_Casper, Hand and Zulauf",grocery_pos,312.41,Richard,Vance,M,169 Shelia Knoll Suite 753,Zavalla,TX,75980,31.1569,-94.3871,2836,"Designer, jewellery",1985-12-03,7d5d5550424c8f622f0d58f6b086bc93,1378873227,30.448414,-95.177687,1
170960,2020-08-20 01:17:19,372382441451095,fraud_Rutherford-Mertz,grocery_pos,314.66,Brent,Terrell,M,502 Rice Plaza Apt. 979,Port Ewen,NY,12466,41.8948,-73.9767,2471,Heritage manager,1966-01-21,b06ba2102dd77c8932cf54b35f4676cf,1376961439,42.208725,-74.049635,1
488684,2020-12-16 22:42:18,2714019737356678,"fraud_Ruecker, Beer and Collier",shopping_net,949.82,Christina,Moore,F,542 Finley Ports Apt. 396,West Finley,PA,15377,39.9914,-80.4408,724,Theme park manager,1995-08-30,9848478758f1a3d08e475cc30787a5bf,1387233738,40.889993,-80.089213,1
178138,2020-08-23 04:33:49,180046165512893,fraud_Cole PLC,grocery_pos,83.54,Erica,Walker,F,084 Holmes Avenue Suite 206,Stayton,OR,97383,44.8021,-122.7624,9587,"Engineer, biomedical",1968-03-24,556ca57f66d021cd8ff7dcd4d22c9670,1377232429,43.822986,-122.609697,0
301324,2020-10-12 22:18:28,38530489946071,fraud_Hilpert-Conroy,kids_pets,19.91,Laura,Johns,F,95835 Garcia Rue,Arcadia,SC,29320,34.9572,-81.9916,530,Animal technologist,1989-05-14,4988d38fec67a04ac8b094258155305e,1381616308,34.905905,-82.903604,1
467970,2020-12-12 23:39:16,4607072969078276,fraud_Dare-Marvin,entertainment,552.04,Brenda,Perez,F,033 Tara Brook Suite 523,Coyle,OK,73027,35.8985,-97.2607,1493,Amenity horticulturist,1985-03-21,b47bf6fc5222e4976b5dbbb85d896c5a,1386891556,35.420831,-98.207166,1
501345,2020-12-20 08:26:55,180046165512893,fraud_Kutch Group,grocery_net,79.45,Erica,Walker,F,084 Holmes Avenue Suite 206,Stayton,OR,97383,44.8021,-122.7624,9587,"Engineer, biomedical",1968-03-24,76935e8d1af74babd21c46ccf04dda7e,1387528015,45.343291,-123.008399,0
307759,2020-10-15 22:36:44,3501942333500073,fraud_Tillman LLC,travel,10.18,Lori,Bishop,F,08056 Alvarado Club Suite 699,Phoenix,AZ,85086,33.8155,-112.1202,1312922,Counselling psychologist,1999-11-30,b45232e9f4ddae7b1bd5abf19689bd3d,1381876604,34.424236,-113.06184,1
258455,2020-09-24 03:38:24,676369110710,"fraud_Huel, Hammes and Witting",grocery_pos,304.17,David,Wolfe,M,81261 Garcia Underpass Suite 741,Southfield,MI,48034,42.4969,-83.2911,75830,"Engineer, automotive",1974-12-28,a3ee2c706627d2edfa1756e0bace5a1b,1379993904,42.762068,-82.64480400000001,1
188504,2020-08-25 22:43:14,4119762878330989,fraud_Koepp-Witting,grocery_pos,277.07,Melinda,Gutierrez,F,1497 West Gateway,Eureka,IL,61530,40.7152,-89.2706,6713,Archivist,1945-08-19,09dc6e585ae74e1912df87aec3689b3a,1377470594,40.673531,-90.055675,1
554298,2020-12-31 15:53:06,30551643947183,fraud_Fisher Inc,shopping_net,857.28,Morgan,Smith,F,1441 Bradley Place,Grover,NC,28073,35.1836,-81.4552,5621,Toxicologist,1973-11-14,eecf6644c3cc5f7cf8bd823af1058734,1388505186,34.244729,-81.64061099999999,0
190512,2020-08-26 22:52:30,4119762878330989,fraud_Kris-Weimann,misc_net,864.74,Melinda,Gutierrez,F,1497 West Gateway,Eureka,IL,61530,40.7152,-89.2706,6713,Archivist,1945-08-19,0f13a3fea824cd2a1a618ef51a5fcbde,1377557550,40.924794,-89.051076,1
44609,2020-07-06 16:27:02,4990494243023,fraud_Bogisich-Weimann,kids_pets,9.5,Martin,Ford,M,56812 Francis Courts,Corriganville,MD,21524,39.6967,-78.8031,626,Energy engineer,1960-12-13,a1d3420fea1527da49fcd18ffbe74d48,1373128022,39.202797,-79.749459,0
279644,2020-10-03 23:32:40,3585052663373890,fraud_Macejkovic-Lesch,shopping_pos,710.78,Jeffery,Brown,M,296 Maria Street,West Eaton,NY,13484,42.8546,-75.6605,176,Science writer,1963-12-28,71acb10d85e7e29024a76b027353293b,1380843160,43.463172,-74.820065,1
365495,2020-11-09 23:58:53,2475085306462014,"fraud_Zboncak, Rowe and Murazik",shopping_net,986.97,John,Miller,M,153 Mccullough Springs Apt. 857,Lamberton,MN,56152,44.2378,-95.2739,1507,Land/geomatics surveyor,1993-10-12,2fd3c789b4fbc1ed4f500bdd78e934e7,1384041533,44.903642,-95.785681,1
327627,2020-10-25 00:55:26,4883407061576,fraud_Kuhic Inc,grocery_pos,307.89,Rachel,Williams,F,6386 Bailey Hill Apt. 421,Seattle,WA,98118,47.5412,-122.275,837792,Systems developer,1936-12-23,0c701d416f5caf4406abfec8f7953c22,1382662526,47.14672,-122.930456,1
353994,2020-11-04 23:26:24,2229378226512508,fraud_Kozey-Boehm,shopping_net,1090.29,Thomas,Hale,M,949 Smith Parkway,Cazenovia,WI,53924,43.4987,-90.2796,1360,Occupational hygienist,1984-11-06,7b8d575a131c87fb874d25ffdbfcbbe2,1383607584,44.03126,-90.764532,1
409842,2020-11-30 00:52:11,38052002992326,fraud_Sporer Inc,gas_transport,33.14,Anna,Logan,F,3522 Park Wells Suite 528,Cleveland,TX,77327,30.33,-95.0202,34153,Building surveyor,1995-09-11,759704aec0e31ca64a589cc7c2d375ec,1385772731,30.333328,-95.732129,0
467781,2020-12-12 22:35:01,3596357274378601,fraud_Jast Ltd,shopping_net,768.45,David,Everett,M,4138 David Fall,Morrisdale,PA,16858,41.0001,-78.2357,3688,Advice worker,1973-05-27,475d1afb1ac28118151d7f3010e34755,1386887701,41.534011,-78.56051,1
347148,2020-11-02 08:57:16,349612764943496,fraud_Bogisich Inc,grocery_pos,86.56,Xavier,Beltran,M,61107 Edwards Dam Apt. 463,Big Creek,KY,40914,37.1046,-83.5706,467,"Psychologist, forensic",1984-06-04,34f3eecd8b6110cf1549ac6e515923b6,1383382636,36.439121,-84.400891,0
66675,2020-07-14 03:59:41,4509142395811241,fraud_Kuvalis Ltd,gas_transport,63.68,Margaret,Williams,F,165 Jerry Meadows Suite 460,Surrency,GA,31563,31.6489,-82.1982,1324,"Engineer, technical sales",1926-07-12,dd3d6299169498f0ad9fd33314664991,1373774381,32.597234,-82.895217,0
22100,2020-06-29 00:20:21,4277232699798846,fraud_Doyle Ltd,grocery_pos,113.47,Jennifer,Vance,F,13299 Patrick Terrace,Rhame,ND,58651,46.1664,-103.7079,475,Illustrator,1955-11-10,e62a6fcad4c96bd1d274133cf452dfae,1372465221,46.259422,-104.143359,0
220109,2020-09-07 15:43:02,375248307838179,"fraud_Cronin, Kshlerin and Weber",health_fitness,66.8,Joshua,Mendoza,M,4215 Miranda Field Suite 326,Tallmansville,WV,26237,38.8564,-80.158,571,Accounting technician,1967-09-16,558cdc5a7ee3d0d0184d50879b745425,1378568582,38.524927000000005,-80.175547,0
81697,2020-07-19 22:15:59,2454076758463217,fraud_Beier-Hyatt,shopping_pos,795.09,Robert,Andrade,M,27720 Martin Hills,Remer,MN,56672,47.0874,-93.9196,2097,Insurance risk surveyor,1987-10-27,2f0bc836dc7e1d03fafc5ed6878a6029,1374272159,47.158087,-93.759129,1
111960,2020-07-30 05:44:59,4488941175228467,fraud_Bruen-Yost,misc_pos,273.84,Jacqueline,Washington,F,138 Stephen Ridges Apt. 978,Umatilla,FL,32784,28.9254,-81.6801,11432,Private music teacher,1986-03-31,cf01b0a02049a32867191199d74a2cd0,1375163099,29.224848,-80.915439,0
269441,2020-09-28 22:46:56,60495593109,fraud_Beier and Sons,home,253.76,Randall,Dillon,M,4440 George Mills Suite 591,Dallas,TX,75210,32.7699,-96.743,1263321,Television camera operator,1942-11-24,eef627b93406f70561c599a51939b271,1380408416,31.773346000000004,-96.458826,1
11799,2020-06-24 23:24:22,180098888332620,fraud_Pfeffer and Sons,shopping_pos,1047.3,Dennis,Davidson,M,08469 Trujillo Forge,Springville,NY,14141,42.52,-78.6847,7728,"Scientist, research (maths)",1959-03-30,8c171170a9bf40cd94df9c66c3ede970,1372116262,43.217469,-78.33609399999999,1
200268,2020-08-30 22:16:06,6596735789587928,fraud_Boyer-Reichert,shopping_net,1169.13,Spencer,Williams,M,1145 Tony Drive Suite 080,Watertown,MN,55388,44.9595,-93.8482,5619,Licensed conveyancer,1959-01-15,6c7a8c3c1a2110dbde36255927cb3abc,1377900966,44.92971,-93.895188,1
279658,2020-10-03 23:41:34,4710826438164847414,fraud_Fadel Inc,health_fitness,23.91,Juan,Henry,M,9795 Lori Island Suite 346,Turner,MT,59542,48.8328,-108.3961,192,Further education lecturer,1964-01-04,9fc21f4db6644e59b7d2e806d6ab9453,1380843694,48.361366,-108.898699,1
259828,2020-09-24 22:54:20,30270432095985,fraud_Bednar PLC,kids_pets,20.35,Lisa,Lin,F,908 Brooks Brook,Lomax,IL,61454,40.6761,-91.0391,725,Environmental consultant,1972-11-28,ee7c3a95d6120dddae187ff31c177f28,1380063260,39.748842,-91.392595,1
188453,2020-08-25 22:26:37,4119762878330989,fraud_Torphy-Goyette,shopping_pos,938.71,Melinda,Gutierrez,F,1497 West Gateway,Eureka,IL,61530,40.7152,-89.2706,6713,Archivist,1945-08-19,ad3cf6b7c34eb666793bd9056e2a07b0,1377469597,41.188591,-88.604605,1
150801,2020-08-12 18:11:29,374656033243756,fraud_Fadel-Hilpert,health_fitness,106.7,David,Lewis,M,1499 Michael Rue,Arlington,VA,22213,38.8954,-77.1633,207410,Mudlogger,1984-07-03,1f6a1618565e16b2de659c0593ccd434,1376331089,38.911472,-77.403072,0
456964,2020-12-09 22:45:16,213180742685905,"fraud_Bernier, Volkman and Hoeger",misc_net,824.1,Kayla,Sutton,F,010 Weaver Land,Carlotta,CA,95528,40.507,-123.9743,1139,"Therapist, occupational",1951-01-15,a15c9d5dc78e86c530cdc227670fd104,1386629116,39.9323,-124.521184,1
96289,2020-07-25 00:49:06,4365382885912355,fraud_Kemmer-Buckridge,misc_pos,34.27,Robert,Goodman,M,956 Paul Fields Suite 108,Orr,MN,55771,48.1439,-92.8561,1680,Horticultural therapist,1976-12-10,885aaca605e2f16f96f086c93f1eacd2,1374713346,47.328442,-92.677601,0
185064,2020-08-25 00:21:08,4658490815480264,fraud_Gutmann Ltd,grocery_net,14.31,Tara,Richards,F,4879 Cristina Station,Keisterville,PA,15449,39.9636,-79.7853,184,Systems developer,1945-11-04,42e2b5350defa961e440430eaa36791f,1377390068,39.209272,-79.453391,1
448808,2020-12-08 03:46:51,4089096483689733451,fraud_Kutch and Sons,grocery_pos,204.79,Debra,Stark,F,686 Linda Rest,Kilgore,TX,75662,32.3836,-94.8653,24536,Multimedia programmer,1983-10-14,3a41f54a810b9878294ce8dec047fcc6,1386474411,32.939192,-93.899041,0
93776,2020-07-23 23:31:12,4961003488432306,"fraud_Kuhic, Bins and Pfeffer",shopping_net,943.97,Stacy,Walsh,F,324 Donna Ridge Suite 651,Cressona,PA,17929,40.6284,-76.195,1606,Ecologist,1966-05-10,84fd6da4dfd98fa7255bccf45025ea77,1374622272,40.016579,-75.221864,1
265022,2020-09-27 13:48:08,4488941175228467,fraud_Dooley Inc,shopping_pos,6.43,Jacqueline,Washington,F,138 Stephen Ridges Apt. 978,Umatilla,FL,32784,28.9254,-81.6801,11432,Private music teacher,1986-03-31,a4e59ce9d1e359e9ab9ab06bceb1ab5c,1380289688,29.783272,-81.053893,0
48289,2020-07-07 14:54:52,3553629419254918,fraud_Hirthe-Beier,health_fitness,2.85,Sharon,Johnson,F,7202 Jeffrey Mills,Conway,WA,98238,48.34,-122.3456,85,"Research officer, political party",1984-09-01,3b153f8bf6bff7b72af6ff27d2177671,1373208892,47.424345,-121.665416,0
246985,2020-09-19 15:22:13,3567697931646329,fraud_Gleason and Sons,kids_pets,21.51,John,Stevens,M,428 Morgan River,Hudson,NY,12534,42.247,-73.7552,17867,Travel agency manager,1998-07-29,2490f78f2fc09c7fccd59b9b3a50c5fa,1379604133,42.784335,-74.469814,0
233400,2020-09-13 16:04:58,213161293389774,fraud_Klocko LLC,misc_net,738.31,Catherine,Weber,F,74890 Rodriguez Springs Apt. 540,West Henrietta,NY,14586,43.0397,-77.6871,10256,"Teacher, primary school",1968-06-24,10053fb8762f780477872fd98d3055a6,1379088298,43.075964,-77.135913,1
442179,2020-12-07 03:08:18,4969856774088583,"fraud_Schuppe, Nolan and Hoeger",shopping_pos,2.47,Jacqueline,Prince,F,27823 Andrew Underpass Suite 948,Metairie,LA,70003,29.9975,-90.2146,137067,Advertising account planner,1951-12-04,3ee10c767e55152393f264727135e7a7,1386385698,30.411729,-89.503577,0
473228,2020-12-13 23:14:00,377550167323848,fraud_Zemlak Group,misc_net,746.79,Kevin,Walters,M,87227 Tapia Burgs,Auburn,ME,4210,44.0948,-70.23899999999999,23045,Tourist information centre manager,1958-09-02,24cde32c8ff5e9ab25a41816c8f4b272,1386976440,44.876462,-71.02125799999999,1
275628,2020-10-01 20:52:05,38295635583927,fraud_Kilback LLC,food_dining,10.84,Candice,Brown,F,9412 Harris Mews,O Brien,TX,79539,33.3749,-99.8473,178,Warden/ranger,1983-06-14,12c2b9eb23bd6b87b45211b10f804d75,1380660725,33.448658,-99.115252,0
62042,2020-07-12 23:12:38,3514897282719543,"fraud_Quitzon, Green and Bashirian",shopping_pos,915.25,Steven,Faulkner,M,841 Cheryl Centers Suite 115,Farmington,NY,14425,42.958,-77.3083,10717,Cytogeneticist,1952-10-13,68d5de7b1fa679ad26c8efab6da20fa9,1373670758,43.083272,-78.132547,1
435333,2020-12-05 20:04:42,213156747557083,fraud_Terry-Huel,shopping_net,967.36,Adam,Santos,M,725 Jo Trace Apt. 102,Glendale,CA,91206,34.1556,-118.2322,172817,Advertising account planner,1982-07-30,9ff388548a93df1e7b7c963dddf8929b,1386273882,34.965841,-118.066656,1
473364,2020-12-13 23:44:35,348789608637806,fraud_Little-Gleichner,travel,1.77,Megan,Murphy,F,53696 Laura Radial,Holstein,NE,68950,40.4542,-98.6538,331,Telecommunications researcher,1950-08-19,173a4741fa3a5271eca66070d203afa0,1386978275,39.69361,-97.881028,0
297955,2020-10-11 21:16:25,4451952084362894,"fraud_O'Connell, Botsford and Hand",home,76.13,Joseph,Davis,M,941 Adam Stravenue,Nazareth,TX,79063,34.5444,-102.1069,686,Petroleum engineer,1980-07-30,3dd1c9339ef7dd3871c803715dddc953,1381526185,35.236112,-101.714651,0
81855,2020-07-19 23:06:50,3572976568630035,fraud_Ernser-Feest,home,69.91,William,Lopez,M,785 Kevin Walk Suite 237,Brainard,NE,68626,41.1832,-96.9882,614,Associate Professor,1967-06-20,f71b7039562b6de0de2ce7ccb04420f1,1374275210,41.74306,-97.025864,0
311514,2020-10-17 22:15:31,30570197515105,"fraud_Kerluke, Considine and Macejkovic",misc_net,684.59,Vincent,Cain,M,64851 Cole Turnpike,Hartford,AL,36344,31.086,-85.7192,5732,Jewellery designer,1945-12-07,b795083457614293e808aa7b7174e2db,1382048131,31.041522,-84.725226,1
188430,2020-08-25 22:20:39,4471568287204,fraud_Kautzer and Sons,personal_care,20.93,Dakota,Maldonado,M,369 Cochran Radial,Pelham,NC,27311,36.4899,-79.4736,3402,Insurance underwriter,1927-10-24,cc8ce4d9f45555da541933a2ac90e5db,1377469239,37.108707,-78.649413,1
98451,2020-07-25 23:29:36,38014427445058,fraud_Mante Group,misc_net,782.49,Sonya,Jensen,F,4470 Jillian Courts,Adams,WI,53910,43.8967,-89.8219,3508,Sport and exercise psychologist,1946-08-11,4242886ae379ee92687c4eeea3bea20c,1374794976,43.135627,-88.984003,1
292007,2020-10-09 02:28:48,180069253480336,fraud_Dooley Inc,shopping_pos,8.6,William,Hunter,M,5036 Victoria Ports Suite 249,Emporium,PA,15834,41.5177,-78.2536,4533,Public affairs consultant,1969-11-01,0b9171c07cadbd5d8b58bb348de35efd,1381285728,40.698642,-77.356952,0
36960,2020-07-04 09:22:20,60416207185,"fraud_Robel, Cummerata and Prosacco",gas_transport,67.32,Mary,Diaz,F,9886 Anita Drive,Fort Washakie,WY,82514,43.0048,-108.8964,1645,Information systems manager,1986-02-17,5d285dec09b9f8c1ba14f97e2916417f,1372929740,42.240644,-108.034889,0
229655,2020-09-11 22:17:45,376656886990758,fraud_Connelly-Carter,home,237.39,Richard,Vance,M,169 Shelia Knoll Suite 753,Zavalla,TX,75980,31.1569,-94.3871,2836,"Designer, jewellery",1985-12-03,d21aebb70ab6b843a8306f78756c7fe2,1378937865,31.290894,-93.681368,1
296978,2020-10-11 13:55:11,4220345354880,fraud_Reilly LLC,home,56.76,Patrick,Torres,M,27386 Snyder Station,Oxford,MI,48371,42.8223,-83.2829,24840,Agricultural consultant,1960-01-20,7e9deb2c4d4bbdafd3111e369918b228,1381499711,42.226203000000005,-83.756404,0
428593,2020-12-03 23:45:11,3588001568691267,"fraud_Bernier, Volkman and Hoeger",misc_net,781.06,Jason,Johnson,M,5942 Thomas Park,Craig,AK,99921,55.4732,-133.1171,1920,Commissioning editor,1997-06-17,929a25bed65c69aa38337ecd624aa1d4,1386114311,55.167017,-133.772629,1
318568,2020-10-20 09:53:27,30238755902988,fraud_Brekke and Sons,gas_transport,48.52,Danielle,Yu,F,5395 Colon Burgs Suite 037,Thrall,TX,76578,30.592,-97.2893,1766,Press sub,1976-01-02,c402c84f275c596680daba55c7bf9c15,1382262807,29.600688,-97.35432,0
164191,2020-08-17 19:20:58,3525590521269779,"fraud_Zboncak, Rowe and Murazik",shopping_net,9.19,Scott,Fuller,M,861 Karen Common,Haw River,NC,27258,36.0424,-79.3242,6006,Paramedic,1984-07-20,f62d56af2588461bb0157e272eb0a4cc,1376767258,35.544864000000004,-80.195426,0
354117,2020-11-05 01:21:38,370612217861404,fraud_McDermott-Rice,misc_pos,10.41,Amanda,Fitzgerald,F,298 Kayla Lights,Bristol,PA,19007,40.1159,-74.8536,21125,"Administrator, charities/voluntary organisations",1985-05-25,1c14db41170e0663a699791af675e811,1383614498,40.396376,-74.427199,1
272492,2020-09-29 22:51:45,3500165543009955,fraud_Fadel-Hilpert,health_fitness,41.03,Ricky,Dunn,M,97689 Davis Point Apt. 967,Detroit,MI,48214,42.3669,-82.9938,673342,Health visitor,1983-09-02,51de41cc2b667818918e7ee22a66e150,1380495105,42.69536,-82.801458,0
354225,2020-11-05 03:07:06,2229378226512508,"fraud_Towne, Walker and Borer",grocery_net,10.21,Thomas,Hale,M,949 Smith Parkway,Cazenovia,WI,53924,43.4987,-90.2796,1360,Occupational hygienist,1984-11-06,fc5c15f455a997e65b249cdc93f79d5d,1383620826,44.44462,-90.759222,1
329800,2020-10-25 20:43:20,4295296907373,fraud_Bednar Group,misc_net,614.29,Destiny,Fowler,F,007 Tonya Isle Suite 299,Wever,IA,52658,40.7067,-91.2268,1071,Quantity surveyor,1998-08-02,be8c7bb8f2730de66b6683834eb6ffd9,1382733800,41.543492,-90.355096,1
2859,2020-06-22 06:43:37,639077309909,"fraud_Olson, Becker and Koch",gas_transport,69.94,Justin,Carter,M,853 Miller Bypass Suite 802,Broomfield,CO,80021,39.8854,-105.1139,92337,"Engineer, electronics",1967-10-18,e46d2832b94c793adc89c64753755358,1371883417,40.47144,-105.890639,0
487559,2020-12-16 15:07:19,378904938837132,fraud_Collier LLC,home,3.48,Tina,Zimmerman,F,3595 Susan Island Suite 063,Thomas,OK,73669,35.7382,-98.7388,1675,Barrister,1986-05-01,d80bed83218de60da01fdc20e10fc072,1387206439,35.806389,-98.806258,0
196643,2020-08-29 18:49:30,2305336922781618,fraud_Waelchi-Wolf,kids_pets,53.42,Jeffrey,Rice,M,21447 Powell Circle,Moulton,IA,52572,40.6866,-92.6833,1132,Probation officer,1961-02-14,d926f629ab8fa8743c3f9b6ab057fe52,1377802170,41.359708000000005,-93.34987,0
29664,2020-06-30 22:02:57,3528231451607350,fraud_McGlynn-Heathcote,misc_net,830.06,Lauren,Moreno,F,83719 Wilson Shore,Heislerville,NJ,8324,39.224,-74.9942,526,Exercise physiologist,1940-09-06,a6082c1bd6b00d7b9f8b0b2a4e1bce95,1372629777,38.668035,-74.77953199999999,1
336477,2020-10-27 23:06:55,676281772837,"fraud_Romaguera, Cruickshank and Greenholt",shopping_net,898.97,Alicia,Bishop,F,222 Freeman Islands,Whigham,GA,39897,30.8836,-84.3246,3430,"Editor, commissioning",1950-03-25,ee36b4801eaa663d2fcddc049a9a78c3,1382915215,31.870977000000003,-83.82990699999999,1
215462,2020-09-05 23:03:16,4417677808209716,"fraud_Gottlieb, Considine and Schultz",shopping_net,953.66,Renee,Jones,F,914 Nancy Square,Birmingham,AL,35211,33.4816,-86.859,493806,Operational investment banker,2000-03-28,36a8e917ed023dc99b14309135f32f2d,1378422196,34.149063,-87.536831,1
153199,2020-08-13 21:41:13,4933461930348832,"fraud_Lehner, Reichert and Mills",misc_pos,112.16,Richard,Carter,M,5097 Martin Ridges,Minneapolis,MN,55403,44.9673,-93.2828,1022298,Chemical engineer,1976-09-29,3cc33dbd52ceb1a2e7175547ae4d54f3,1376430073,45.932455,-93.818489,0
551684,2020-12-30 19:52:24,4861310130652566408,"fraud_Schaefer, Fay and Hilll",entertainment,25.05,Ashley,Cruz,F,65417 Walsh Radial Suite 691,Saint Amant,LA,70774,30.2385,-90.8435,10076,"Surveyor, rural practice",1977-12-16,8c2dcd4b300752954382ab6365a4c65a,1388433144,29.981758000000003,-90.445961,0
165207,2020-08-18 00:30:17,213112402583773,fraud_Boyer PLC,shopping_net,1017.67,Ana,Howell,F,4664 Sanchez Common Suite 930,Bradley,SC,29819,34.0326,-82.2027,1523,Research scientist (physical sciences),1984-06-03,d2fa92fcb98a67a166d60c47e5173cc6,1376785817,35.001507000000004,-82.26003399999999,1
85656,2020-07-20 22:02:50,375534208663984,"fraud_Huel, Hammes and Witting",grocery_pos,317.09,Tyler,Garcia,M,408 Bradley Rest,Doe Hill,VA,24433,38.4207,-79.4629,99,Dance movement psychotherapist,1986-03-28,b38de308e469d41544767e1b9c5b513d,1374357770,37.588409000000006,-78.581611,1
25792,2020-06-29 22:10:42,3528231451607350,fraud_Dooley Inc,shopping_pos,854.92,Lauren,Moreno,F,83719 Wilson Shore,Heislerville,NJ,8324,39.224,-74.9942,526,Exercise physiologist,1940-09-06,2be9e43e548dbb483e97a071c175e341,1372543842,38.759631,-74.136925,1
49834,2020-07-07 22:35:15,4713464490314802,fraud_Bashirian Group,shopping_net,1008.78,Wesley,Parker,M,7452 Browning Port,Mc Intosh,SD,57641,45.7084,-101.1546,295,"Designer, industrial/product",1981-01-26,a7f0458b68213db8d76f1fcc2b5dc2f8,1373236515,45.376097,-101.260996,1
258150,2020-09-23 22:54:15,30270432095985,fraud_Bednar PLC,kids_pets,19.81,Lisa,Lin,F,908 Brooks Brook,Lomax,IL,61454,40.6761,-91.0391,725,Environmental consultant,1972-11-28,55662fa884952701ea4806107328110e,1379976855,41.541552,-91.292645,1
443687,2020-12-07 10:17:08,3528231451607350,fraud_Bruen-Yost,misc_pos,1.86,Lauren,Moreno,F,83719 Wilson Shore,Heislerville,NJ,8324,39.224,-74.9942,526,Exercise physiologist,1940-09-06,27ebee43c1eac07d0fc2c1fb3b909a4e,1386411428,38.932398,-74.24839399999999,0
138066,2020-08-08 23:05:56,4225990116481262579,fraud_Terry Ltd,home,8.62,Brian,Simpson,M,2711 Duran Pines,Honokaa,HI,96727,20.0827,-155.488,4878,Physiotherapist,1966-12-03,91862812eeb6be5a2cfcb3e92d4998f2,1376003156,21.00421,-155.545113,0
472941,2020-12-13 22:09:23,377550167323848,fraud_Jacobi and Sons,shopping_pos,949.49,Kevin,Walters,M,87227 Tapia Burgs,Auburn,ME,4210,44.0948,-70.23899999999999,23045,Tourist information centre manager,1958-09-02,0254cc4709d51e5d4039c465179ec0f2,1386972563,44.947379,-70.018025,1
413717,2020-11-30 16:47:52,3517527805128735,fraud_Kub PLC,personal_care,27.73,Tracy,Conway,F,6778 Campos Field,Bonfield,IL,60913,41.1573,-88.0619,1617,Medical secretary,1990-04-25,691d10401b870c4d26f8c07e7f539e12,1385830072,40.456856,-87.494518,0
181415,2020-08-24 03:07:19,4658490815480264,"fraud_Lockman, West and Runte",grocery_pos,302.55,Tara,Richards,F,4879 Cristina Station,Keisterville,PA,15449,39.9636,-79.7853,184,Systems developer,1945-11-04,94c25b97791f7ab2720629c31fb517c8,1377313639,40.627773,-79.172604,1
171009,2020-08-20 02:07:45,375974680629816,fraud_Miller-Hauck,grocery_pos,334.1,Roberta,Mccarthy,F,94431 Matthew Mall Suite 296,Plymouth,CT,6782,41.6611,-73.0449,2376,Herpetologist,1973-04-06,37a90f0b8c7c4ce905fa107e9ddeefd6,1376964465,42.339527,-73.563004,1
23216,2020-06-29 08:16:40,571844099986,"fraud_Osinski, Ledner and Leuschke",grocery_pos,344.74,Susan,Mills,F,005 Cody Estates,Louisville,KY,40202,38.2507,-85.7476,736284,Engineering geologist,1952-04-02,29adf16de2a376ca8ac610a8dad5d0dc,1372493800,37.618824,-85.43769300000001,1
19998,2020-06-28 12:21:17,36078114201167,"fraud_Schumm, McLaughlin and Carter",food_dining,22.89,Christopher,Horn,M,956 Sanchez Highway,Mallie,KY,41836,37.2692,-82.9161,798,Facilities manager,1926-06-26,182ce724e8c30907706e40b7690a3999,1372422077,37.758363,-82.949838,0
121416,2020-08-02 22:39:03,3577794103155425,"fraud_Schiller, Blanda and Johnson",home,241.34,Mary,Humphrey,F,9853 Flynn Hollow Apt. 602,Reynolds,ND,58275,47.7068,-97.2092,733,Visual merchandiser,1994-11-12,89752632040a5fae3957c69e9df7fcc8,1375483143,48.164184000000006,-97.007406,1
172968,2020-08-20 23:19:57,372382441451095,fraud_Medhurst PLC,shopping_net,956.23,Brent,Terrell,M,502 Rice Plaza Apt. 979,Port Ewen,NY,12466,41.8948,-73.9767,2471,Heritage manager,1966-01-21,abcbd471620adf0ef8040309147e7c30,1377040797,41.273563,-72.981542,1
505085,2020-12-20 23:16:37,4716561796955522,fraud_Emmerich-Rau,personal_care,19.27,Lauren,Anderson,F,11014 Chad Lake Apt. 573,Heart Butte,MT,59448,48.2777,-112.8456,743,Water engineer,1972-05-04,6c8614ea571c5b5c870fc23047412d1c,1387581397,48.391178,-111.997173,1
108510,2020-07-28 17:32:47,571365235126,fraud_Johns-Hoeger,entertainment,7.15,Barbara,Taylor,F,0069 Robin Brooks Apt. 695,Elberta,MI,49628,44.5995,-86.2141,372,"Exhibitions officer, museum/gallery",1995-07-12,c0dfaba212a432b96a1edcb1491b09f6,1375032767,45.308118,-85.24503299999999,0
232224,2020-09-13 05:29:20,4642255475285942,fraud_Kutch LLC,gas_transport,56.96,Sabrina,Johnson,F,320 Nicholson Orchard,Thompson,UT,84540,38.9999,-109.615,46,"Surveyor, minerals",1987-04-23,1b500334720f754806abd2565196f6d9,1379050160,38.852474,-109.677743,0
312032,2020-10-18 04:41:10,371284424780634,fraud_Friesen-Stamm,gas_transport,67.89,Jeremy,Moore,M,574 Patricia Extensions,Lubbock,TX,79413,33.5466,-101.8871,254282,"Doctor, general practice",1952-01-29,287645efae94fa782ca6bffd5ea60040,1382071270,33.233105,-102.249253,0
188636,2020-08-25 23:19:12,180084576295055,fraud_Reichel Inc,entertainment,78.31,David,Kirby,M,133 Alyssa Plains,Lolita,TX,77971,28.7724,-96.4793,911,Archaeologist,1970-01-18,9daa3ba8b3e935a21626cead72642365,1377472752,27.964485,-95.68699,0
145575,2020-08-10 23:31:44,30238755902988,"fraud_Bahringer, Osinski and Block",food_dining,97.93,Danielle,Yu,F,5395 Colon Burgs Suite 037,Thrall,TX,76578,30.592,-97.2893,1766,Press sub,1976-01-02,e51c2ba9f29c482b51e7bd96a406cf9c,1376177504,30.936854,-96.940349,1
91708,2020-07-22 23:28:57,213161231269724,"fraud_Hauck, Dietrich and Funk",kids_pets,63.34,Alyssa,Morgan,F,622 Robin Run Suite 764,Gadsden,AL,35901,34.048,-85.9246,67082,Physiological scientist,1963-02-09,c2bd73c877300f11ac51ae32abc6b68c,1374535737,33.610605,-86.496545,0
553025,2020-12-31 06:30:54,213180742685905,fraud_Emard Inc,gas_transport,53.57,Kayla,Sutton,F,010 Weaver Land,Carlotta,CA,95528,40.507,-123.9743,1139,"Therapist, occupational",1951-01-15,87e0fdfd48df89daacf3a85b735f4e42,1388471454,39.935116,-123.997417,0
67573,2020-07-14 11:15:48,3573386445588324,"fraud_Nitzsche, Kessler and Wolff",shopping_pos,14.89,Stephanie,Murphy,F,526 Stacy Walks,Barnard,SD,57426,45.7205,-98.5534,63,Systems developer,1969-10-30,0768a39d220b897309ee1dd1d0ff174f,1373800548,44.921155,-99.31619,0
280194,2020-10-04 05:16:40,30510856607165,fraud_Stracke-Lemke,grocery_pos,313.57,Frederick,Robinson,M,1125 Ray Track,Livonia,MI,48154,42.3958,-83.3772,96942,Horticultural consultant,1965-04-01,60065795f62a3eb339c4fc8f2c5d56e2,1380863800,42.514009,-82.715714,1
474676,2020-12-14 05:49:04,2475085306462014,"fraud_Yost, Block and Koepp",misc_pos,35.23,John,Miller,M,153 Mccullough Springs Apt. 857,Lamberton,MN,56152,44.2378,-95.2739,1507,Land/geomatics surveyor,1993-10-12,6c4d66ccebf5ae2c8d2e3cd5ba3c5dc1,1387000144,43.700426,-94.674068,0
294166,2020-10-10 06:42:56,3504178999463051,fraud_Koss and Sons,gas_transport,92.87,Drew,Garcia,M,70858 Jasmine Meadows Apt. 135,Lima,OH,45801,40.7641,-84.0973,86954,"Copywriter, advertising",1992-07-23,1d01e55b0e8848c5fbed7e6060f5004a,1381387376,41.568542,-84.805238,0
5923,2020-06-22 23:03:27,4797297220948468262,"fraud_Feil, Hilpert and Koss",food_dining,3.02,Erica,Briggs,F,3310 Davidson Spurs Apt. 107,Oolitic,IN,47451,38.8938,-86.5246,1228,Counsellor,1991-03-13,a380891a1178e1a372eeb29b78fe2b0f,1371942207,38.013068,-86.278243,0
205922,2020-09-01 09:46:56,4607072969078276,fraud_Kuhic Inc,grocery_pos,82.93,Brenda,Perez,F,033 Tara Brook Suite 523,Coyle,OK,73027,35.8985,-97.2607,1493,Amenity horticulturist,1985-03-21,15547dbb71e74b10a380e6b7f79acd44,1378028816,35.610689,-97.752858,0
401724,2020-11-26 01:05:06,180046165512893,fraud_Strosin-Cruickshank,grocery_pos,283.94,Erica,Walker,F,084 Holmes Avenue Suite 206,Stayton,OR,97383,44.8021,-122.7624,9587,"Engineer, biomedical",1968-03-24,6d1be9045991cec1197f4fac749bd154,1385427906,45.330009,-122.81173,1
391083,2020-11-21 21:14:05,4550599031376731,"fraud_Weber, Thiel and Hammes",kids_pets,96.93,Angela,West,F,9471 Wong Islands,Mansfield,OH,44902,40.7559,-82.5123,92985,Press photographer,1968-05-29,f22fcb01f4ccead631a330cf2bab60f3,1385068445,40.320461,-81.995677,0
463283,2020-12-11 18:09:38,375848982312810,fraud_Lemke and Sons,travel,7.18,Dale,Smith,M,25036 Contreras Turnpike Suite 270,Purmela,TX,76566,31.4841,-97.9903,258,Web designer,1943-12-15,7f4818dfd605f6617c59738e7935cd14,1386785378,32.308215000000004,-97.230963,0
101773,2020-07-26 23:21:08,38014427445058,"fraud_Rodriguez, Yost and Jenkins",misc_net,896.46,Sonya,Jensen,F,4470 Jillian Courts,Adams,WI,53910,43.8967,-89.8219,3508,Sport and exercise psychologist,1946-08-11,7dc023dadbe4e76928736388b794adb9,1374880868,43.418686,-89.40796999999999,1
313709,2020-10-18 19:17:06,4642255475285942,fraud_Stoltenberg-Beatty,shopping_pos,38.16,Sabrina,Johnson,F,320 Nicholson Orchard,Thompson,UT,84540,38.9999,-109.615,46,"Surveyor, minerals",1987-04-23,f9f93cd12294925fb48b90e6935a0062,1382123826,39.784393,-109.56249,0
399147,2020-11-24 17:04:44,372509258176510,"fraud_Effertz, Welch and Schowalter",entertainment,29.21,Kristen,Hanson,F,26544 Andrea Glen,Goodrich,MI,48438,42.9147,-83.4845,6951,Learning disability nurse,1985-06-18,f44e08027363ee8b5cbdd4e733c45e08,1385312684,43.00105,-83.357629,0
368372,2020-11-10 22:04:39,3560336828629935,fraud_Wolf Inc,grocery_pos,306.22,Christopher,White,M,13613 Hammond Ferry,Clutier,IA,52217,42.0789,-92.3763,590,"Embryologist, clinical",1953-03-30,a774150535c44081c412a1f0a2a4b4b6,1384121079,41.150687,-93.258119,1
42537,2020-07-06 03:47:08,4462038234743679432,fraud_Collier Inc,grocery_net,10.84,Kimberly,Bush,F,6027 Scott Meadows Suite 494,Dell City,TX,79837,31.924,-105.2099,579,Hydrogeologist,1945-11-26,84cf97147254f80a7ddae1e46a062001,1373082428,31.577259,-105.629058,1
312387,2020-10-18 08:36:32,6011542681743618,fraud_Kiehn-Emmerich,grocery_pos,89.49,Emily,Hall,F,8851 Reese Neck,Basye,VA,22810,38.8089,-78.7776,863,"Engineer, mining",1972-08-09,08e93e2d35de81b75152d64db80f2977,1382085392,38.722166,-79.662453,0
209161,2020-09-02 13:04:50,3540075240003197,fraud_Rempel Inc,shopping_net,14.58,Christian,Johns,M,892 Solis Neck,Lonsdale,MN,55046,44.4477,-93.4252,5211,Chief Strategy Officer,1987-01-27,01426323e7883176b048f14d162d5786,1378127090,44.246406,-93.775888,0
420738,2020-12-01 18:57:34,6011626928491360,"fraud_Medhurst, Labadie and Gottlieb",travel,2.76,Heather,Roberts,F,62934 Maria Cliffs Suite 350,Bethel Springs,TN,38315,35.2289,-88.64399999999999,3876,Senior tax professional/tax inspector,1960-11-19,4896f3aa135e575d450bfbcac88bfd60,1385924254,36.093276,-88.100483,0
259916,2020-09-24 23:52:49,586100864972,"fraud_Larkin, Stracke and Greenfelder",entertainment,393.1,Patrick,Bates,M,4481 Maldonado Hollow,Kirkwood,NY,13795,42.0695,-75.7967,3800,Advertising account executive,1968-07-06,c49442e03815902af7305d3b677b2126,1380066769,41.260631,-76.411501,1
145731,2020-08-11 00:31:25,4335531783520911,fraud_Koepp-Parker,grocery_pos,313.0,Amy,Daugherty,F,852 Thomas Well Suite 339,Owensville,MO,65066,38.3511,-91.4867,6703,Naval architect,1998-05-20,721662305df96a1e25ece300966489ae,1376181085,38.063266,-91.843684,1
26139,2020-06-29 23:52:03,4761403817546679245,fraud_Osinski Inc,personal_care,22.91,Diana,Jacobs,F,69608 Perez Mountain Apt. 006,Viola,AR,72583,36.3924,-91.9932,1679,Psychiatric nurse,1986-05-02,74b721d183db1c513bc156019c60afcc,1372549923,35.459619,-92.066649,1
295700,2020-10-11 00:18:36,38530489946071,fraud_Heller-Langosh,gas_transport,9.45,Laura,Johns,F,95835 Garcia Rue,Arcadia,SC,29320,34.9572,-81.9916,530,Animal technologist,1989-05-14,bd219ac4f8f3b54959042d33ee39cca6,1381450716,34.985724,-82.762592,1
338048,2020-10-28 22:24:59,676281772837,fraud_Schmidt-Larkin,home,220.31,Alicia,Bishop,F,222 Freeman Islands,Whigham,GA,39897,30.8836,-84.3246,3430,"Editor, commissioning",1950-03-25,a9d64d5c5f005c3f9e447600f9d21d97,1382999099,31.519359,-83.36009200000001,1
133518,2020-08-07 00:31:27,6595970453799027,fraud_Parisian and Sons,gas_transport,21.44,Gina,Gomez,F,72030 Shelton Crossing Apt. 742,Stirling,NJ,7980,40.6774,-74.4968,2307,Science writer,1969-09-11,9708c85930cd1ad9a860bec9db9ec3fc,1375835487,40.352201,-75.487264,1
55603,2020-07-10 17:11:28,30131826429364,"fraud_Stanton, Jakubowski and Baumbach",shopping_net,114.74,Brianna,Foley,F,57256 Raymond Ports,Knoxville,TN,37932,35.9335,-84.1481,391389,"Designer, industrial/product",1994-04-22,686cd90ce50fe8d2603759b019a67487,1373476288,35.27704,-85.109496,0
138440,2020-08-09 02:13:33,343819048608995,fraud_Stracke-Lemke,grocery_pos,309.21,Shelby,Cannon,F,1535 Ryan Burgs Suite 919,Des Moines,IA,50312,41.5855,-93.6719,222785,Wellsite geologist,1956-01-24,46b75e79f42638c6d781fd0556e40319,1376014413,40.899447,-94.021909,1
293570,2020-10-09 22:14:21,213199865312311,fraud_Medhurst PLC,shopping_net,974.22,Christopher,Miller,M,493 Fitzgerald Fields Suite 454,Varnell,GA,30756,34.9298,-84.9885,74,Pensions consultant,1944-05-14,b4cf2e6382a71938572113abf336c557,1381356861,35.474032,-84.635485,1
417745,2020-12-01 07:47:57,340953839692349,"fraud_Mosciski, Gislason and Mertz",grocery_pos,85.76,Tyler,Wright,M,615 Clarke Spring Apt. 172,Warren,MI,48088,42.5164,-82.9832,134056,"Doctor, hospital",1980-05-18,719add37c27e9888b8ba01e731421bbe,1385884077,42.94876,-83.180013,0
256612,2020-09-22 23:10:08,60487002085,fraud_Schmidt and Sons,shopping_net,1062.66,David,White,M,66234 Hall Lock Suite 758,Jackson,MS,39211,32.3739,-90.1293,233060,"Horticulturist, commercial",1972-08-15,bf12012b33adb9dd3f6ae3607c06f3b7,1379891408,31.426241,-90.281855,1
59231,2020-07-12 03:47:00,501882822387,fraud_Hudson-Ratke,grocery_pos,296.17,Melissa,Phillips,F,5069 Scott Pass Apt. 654,Meadville,MS,39653,31.4285,-90.8578,2799,"Therapist, horticultural",1961-01-21,980aa43fe95996aba5162f0bc0bd89b2,1373600820,32.394329,-90.150933,1
371964,2020-11-13 02:05:12,30487648872433,fraud_Luettgen PLC,gas_transport,20.25,Stephanie,Crane,F,144 Martinez Curve,Central,IN,47110,38.097,-86.1723,350,Counsellor,1955-01-05,e5f28f90e7874592be23a300d8a28f28,1384308312,38.820348,-86.19369,1
455683,2020-12-09 14:01:11,30235438713303,fraud_Kris-Padberg,shopping_pos,8.26,James,Baldwin,M,3603 Mitchell Court,Winfield,WV,25213,38.5072,-81.89,5512,Exhibition designer,1980-03-24,4c6552f067250adef6e9a521c4f00366,1386597671,37.804789,-81.722849,0
401795,2020-11-26 02:34:44,5410056176712193,fraud_Rau and Sons,grocery_pos,267.74,Jeffrey,Krause,M,4742 Alexandria Mountain,New Franken,WI,54229,44.5592,-87.8235,4306,Art therapist,1989-10-19,5f74fa4bc9113ae3e0e60abf00617579,1385433284,44.041306,-88.597082,1
81036,2020-07-19 18:32:13,4810789809665942990,fraud_Botsford and Sons,home,13.42,Julie,Sanchez,F,916 Charles Road,Bowersville,OH,45307,39.5756,-83.7153,338,Quantity surveyor,1988-07-28,613d45d7e71f376e2a8fbc5b26325ebe,1374258733,39.353348,-84.516734,0
129306,2020-08-04 22:28:59,4727244663135968,fraud_Kuphal-Bartoletti,misc_net,742.86,Mary,Lewis,F,118 Justin Extension,Bay Minette,AL,36507,30.8635,-87.7644,19090,Science writer,1929-05-30,745cf8d3192c8f2c57ad94ed6cd19de5,1375655339,31.398897,-87.561314,1
136338,2020-08-08 06:41:10,4355790796238264643,fraud_Barton Inc,grocery_pos,100.57,Tanner,Davis,M,2632 Stevens Light Apt. 213,Payson,IL,62360,39.8153,-91.2627,1656,Exhibition designer,1969-08-04,d02b5bafdf468c003a50ab2a2c650110,1375944070,40.416003,-90.282046,0
246931,2020-09-19 14:48:41,3540075240003197,"fraud_Ritchie, Oberbrunner and Cremin",travel,6.52,Christian,Johns,M,892 Solis Neck,Lonsdale,MN,55046,44.4477,-93.4252,5211,Chief Strategy Officer,1987-01-27,1b5ac58d9d5259510a5ac0406f27e930,1379602121,45.006621,-92.948632,0
464451,2020-12-12 00:28:08,3596217206093829,fraud_Rau and Sons,grocery_pos,381.5,Sara,Ramirez,F,23843 Scott Island,Birmingham,IA,52535,40.8626,-91.9534,888,Camera operator,1988-03-25,78948981b7feea35ea7ea14c4fc1a95f,1386808088,40.645431,-92.476175,1
209951,2020-09-02 23:18:42,180052752563109,fraud_Bednar Group,misc_net,886.43,Evan,Santiago,M,9652 Ford Ford Apt. 566,Arlington,VA,22204,38.859,-77.0997,207410,Historic buildings inspector/conservation officer,1968-11-14,7467c403a5fefcf68e8e87314e8a88b3,1378163922,39.038925,-77.381086,1
290102,2020-10-07 22:26:49,344342339068828,fraud_Nader-Heller,misc_net,650.68,Ruth,Fuller,F,37732 Joe Courts Apt. 752,Darien,GA,31305,31.3826,-81.4312,5989,Tax adviser,1967-05-05,b544308c3c9888e5ee0bca70045e93ef,1381184809,31.781767,-81.753613,1
354097,2020-11-05 00:57:25,38859492057661,fraud_McDermott-Weimann,grocery_pos,276.62,Edward,Sanchez,M,594 White Dale Suite 530,Malad City,ID,83252,42.1808,-112.262,4154,Nature conservation officer,1962-01-19,668f15b67e04fdc9f473a8ead6e5b431,1383613045,42.079236,-112.961883,1
279794,2020-10-04 00:52:01,4861310130652566408,fraud_Kris-Weimann,misc_net,776.66,Ashley,Cruz,F,65417 Walsh Radial Suite 691,Saint Amant,LA,70774,30.2385,-90.8435,10076,"Surveyor, rural practice",1977-12-16,0897f5a7bc7bc283f666c80383535e59,1380847921,30.625026,-91.706909,1
480500,2020-12-15 03:24:31,6011492816282597,fraud_Conroy-Cruickshank,gas_transport,9.65,Gary,Barnes,M,2970 Flores Brooks,Smackover,AR,71762,33.3398,-92.7442,2501,Financial adviser,1986-06-11,4401d42a3e52c88fd7bfedd6d59f1ba0,1387077871,33.094837,-92.89414,1
305575,2020-10-14 16:32:20,341542810616333,fraud_Kuhic LLC,shopping_net,1019.51,Billy,Mcdonald,M,304 Ryan Port Suite 335,Camden,MO,64017,39.2048,-94.0259,464,Colour technologist,1959-05-28,e292546fc4c745cee7071076638703f6,1381768340,39.765945,-93.170819,1
298311,2020-10-11 23:23:29,38530489946071,"fraud_Ledner, Hartmann and Feest",health_fitness,21.88,Laura,Johns,F,95835 Garcia Rue,Arcadia,SC,29320,34.9572,-81.9916,530,Animal technologist,1989-05-14,4888fe27de1766592ff8fd1d3a72d725,1381533809,35.935144,-82.927175,1
249605,2020-09-20 17:09:50,4025612008285111,fraud_Shields-Wunsch,health_fitness,150.69,Krystal,Key,F,23142 Montoya Island Apt. 742,Corsica,PA,15829,41.1762,-79.1976,1274,Maintenance engineer,1949-03-20,d3ae860af17f6fd8db56dc3c8257a633,1379696990,41.03737,-78.815831,0
38962,2020-07-05 03:15:53,4462038234743679432,"fraud_Harris, Gusikowski and Heaney",grocery_net,13.13,Kimberly,Bush,F,6027 Scott Meadows Suite 494,Dell City,TX,79837,31.924,-105.2099,579,Hydrogeologist,1945-11-26,84534f4f35cc58682d9b9de43a94521f,1372994153,31.665331,-105.654444,1
242031,2020-09-16 19:43:58,30026790933302,"fraud_Gutmann, McLaughlin and Wiza",home,85.47,John,Peters,M,555 Michael Burgs,Mayersville,MS,39113,32.9013,-91.0286,595,Technical brewer,1979-09-03,5df10090a8ed612940e7d671a3f2b4d3,1379360638,33.455208,-91.469602,0
304567,2020-10-13 23:35:46,4129767952109660,"fraud_Roberts, Daniel and Macejkovic",kids_pets,21.23,Cheryl,Ballard,F,248 James Squares Apt. 838,Halstad,MN,56548,47.3551,-96.798,771,"Scientist, audiological",1972-06-14,ef0c884f7004aab9a899c9f0dc17ade5,1381707346,47.184637,-97.741828,1
352634,2020-11-04 01:56:18,2229378226512508,fraud_Rodriguez Group,gas_transport,8.74,Thomas,Hale,M,949 Smith Parkway,Cazenovia,WI,53924,43.4987,-90.2796,1360,Occupational hygienist,1984-11-06,341ea42350ddbcedac39658f5fd361d3,1383530178,44.450123,-90.636791,1
133691,2020-08-07 02:47:39,6595970453799027,fraud_Hintz-Bruen,grocery_net,16.19,Gina,Gomez,F,72030 Shelton Crossing Apt. 742,Stirling,NJ,7980,40.6774,-74.4968,2307,Science writer,1969-09-11,47db355767610ef24f6a36b1546d2f5b,1375843659,41.64395,-74.215707,1
70034,2020-07-15 00:00:09,30364087349027,"fraud_Kovacek, Dibbert and Ondricka",grocery_pos,45.25,Samuel,Sandoval,M,0005 Morrison Land,Mounds,OK,74047,35.8896,-96.0887,7163,Fitness centre manager,1982-02-05,d7275e17a9a1851bb15a8bbd8cc050aa,1373846409,35.984674,-96.160195,0
282322,2020-10-04 23:01:29,3585052663373890,fraud_Volkman-Predovic,shopping_net,914.64,Jeffery,Brown,M,296 Maria Street,West Eaton,NY,13484,42.8546,-75.6605,176,Science writer,1963-12-28,d1311384f621a7db1227c1ae2f0c10df,1380927689,43.526103000000006,-75.624736,1
347324,2020-11-02 10:23:11,4244953610136705533,fraud_Kiehn Inc,grocery_pos,286.83,Christopher,Odom,M,81446 Nicole Highway Apt. 874,Richland,NJ,8350,39.485,-74.8776,825,Licensed conveyancer,1991-07-06,1a25678a771ad6cf87ace05d2b2fa336,1383387791,38.919345,-75.739715,1
